dataset,storage_split,original_split,original_index,label_id,label,path,sha256,width,height,group_id,fold,split
AQUA20,train,train,36,0,coral,/home/tahiti/MARINE_DATASETS/AQUA20_PREPARED/images/train/00_coral/train_000036_27f8f3d0e3a3.jpg,27f8f3d0e3a31341e461a09d977cce330612ac70b5fada908388a91ceba29e55,256,256,27f8f3d0e3a31341e461a09d977cce330612ac70b5fada908388a91ceba29e55,4,train
AQUA20,train,train,80,0,coral,/home/tahiti/MARINE_DATASETS/AQUA20_PREPARED/images/train/00_coral/train_000080_70fc86225807.jpg,70fc8622580748a083980f418d8678913deef254021b9ee31d04e7c481f1a6c9,256,256,70fc8622580748a083980f418d8678913deef254021b9ee31d04e7c481f1a6c9,2,train
AQUA20,train,train,98,0,coral,/home/tahiti/MARINE_DATASETS/AQUA20_PREPARED/images/train/00_coral/train_000098_11efee982ad3.jpg,11efee982ad317334fa599fccb3250ed8cb0b8d5cac8d4cb376afc306f1b36f5,256,256,11efee982ad317334fa599fccb3250ed8cb0b8d5cac8d4cb376afc306f1b36f5,2,train
AQUA20,train,train,128,0,coral,/home/tahiti/MARINE_DATASETS/AQUA20_PREPARED/images/train/00_coral/train_000128_3edb91466a56.jpg,3edb91466a56a34b0f9e9bae6de9c3ef8d914186114348bacd5468062690b62e,256,256,3edb91466a56a34b0f9e9bae6de9c3ef8d914186114348bacd5468062690b62e,2,train
AQUA20,train,train,200,0,coral,/home/tahiti/MARINE_DATASETS/AQUA20_PREPARED/images/train/00_coral/train_000200_52936259c956.jpg,52936259c956140f213552535fbf535c2cb320d1ed4feddc583e5bc28b6dd8eb,256,256,52936259c956140f213552535fbf535c2cb320d1ed4feddc583e5bc28b6dd8eb,6,train
AQUA20,train,train,215,0,coral,/home/tahiti/MARINE_DATASETS/AQUA20_PREPARED/images/train/00_coral/train_000215_60e537e61a12.jpg,60e537e61a128ffa01b05e285d8af183aaae5e36d992efd69cbf65356d65fcbb,256,256,60e537e61a128ffa01b05e285d8af183aaae5e36d992efd69cbf65356d65fcbb,3,train
AQUA20,train,train,286,0,coral,/home/tahiti/MARINE_DATASETS/AQUA20_PREPARED/images/train/00_coral/train_000286_1092c1ba45b8.jpg,1092c1ba45b89acae33bb1a43d4326fe96402a2109a305cbfd65a486a856b079,256,256,1092c1ba45b89acae33bb1a43d4326fe96402a2109a305cbfd65a486a856b079,2,train
AQUA20,train,train,298,0,coral,/home/tahiti/MARINE_DATASETS/AQUA20_PREPARED/images/train/00_coral/train_000298_9139558a919f.jpg,9139558a919f3cf28aa08f56a1b6924b391c48c5286239a7d33849e5f95afc22,256,256,9139558a919f3cf28aa08f56a1b6924b391c48c5286239a7d33849e5f95afc22,2,train
AQUA20,train,train,311,0,coral,/home/tahiti/MARINE_DATASETS/AQUA20_PREPARED/images/train/00_coral/train_000311_96bf8e86b2b5.jpg,96bf8e86b2b53258cca3977e907701224be67fa7550578d3380d9a2b5d502256,256,256,96bf8e86b2b53258cca3977e907701224be67fa7550578d3380d9a2b5d502256,2,train
AQUA20,train,train,387,0,coral,/home/tahiti/MARINE_DATASETS/AQUA20_PREPARED/images/train/00_coral/train_000387_2cb8314c852c.jpg,2cb8314c852c3828cbc4a7d1bca8ee3e781ce26110bebc6b882a5104fe16ef29,256,256,2cb8314c852c3828cbc4a7d1bca8ee3e781ce26110bebc6b882a5104fe16ef29,2,train
AQUA20,train,train,391,0,coral,/home/tahiti/MARINE_DATASETS/AQUA20_PREPARED/images/train/00_coral/train_000391_249d363c0639.jpg,249d363c06393226c1eb9ad0e4f1a881817c25a6c87b6d10b68b35045d6a8ec9,256,256,249d363c06393226c1eb9ad0e4f1a881817c25a6c87b6d10b68b35045d6a8ec9,5,train
AQUA20,train,train,409,0,coral,/home/tahiti/MARINE_DATASETS/AQUA20_PREPARED/images/train/00_coral/train_000409_2b0c475ab686.jpg,2b0c475ab686e2d6ae814e7f37eeb60856ffa5e73547e7577e72ac81cda24d64,256,256,2b0c475ab686e2d6ae814e7f37eeb60856ffa5e73547e7577e72ac81cda24d64,6,train
AQUA20,train,train,458,0,coral,/home/tahiti/MARINE_DATASETS/AQUA20_PREPARED/images/train/00_coral/train_000458_4c3a1725b7d5.jpg,4c3a1725b7d569d7023769034092529e8d0104217a2dff483aed11057362ce4c,256,256,4c3a1725b7d569d7023769034092529e8d0104217a2dff483aed11057362ce4c,4,train
AQUA20,train,train,465,0,coral,/home/tahiti/MARINE_DATASETS/AQUA20_PREPARED/images/train/00_coral/train_000465_5ae79f6eb05a.jpg,5ae79f6eb05abe42087193e9d80571d525168bb867a3e1e64596db984849e2c3,256,256,5ae79f6eb05abe42087193e9d80571d525168bb867a3e1e64596db984849e2c3,4,train
AQUA20,train,train,470,0,coral,/home/tahiti/MARINE_DATASETS/AQUA20_PREPARED/images/train/00_coral/train_000470_6842b15bd4a9.jpg,6842b15bd4a9fba39dcce27231ed4bdb34d4fb37f269ceb7afc574c493e74b45,256,256,6842b15bd4a9fba39dcce27231ed4bdb34d4fb37f269ceb7afc574c493e74b45,4,train
AQUA20,train,train,478,0,coral,/home/tahiti/MARINE_DATASETS/AQUA20_PREPARED/images/train/00_coral/train_000478_9acafcc7a5e6.jpg,9acafcc7a5e6450ccc6603f4484c5a43025f6e7a4265079b590a696909ac5dd4,256,256,9acafcc7a5e6450ccc6603f4484c5a43025f6e7a4265079b590a696909ac5dd4,5,train
AQUA20,train,train,479,0,coral,/home/tahiti/MARINE_DATASETS/AQUA20_PREPARED/images/train/00_coral/train_000479_a417f881bff1.jpg,a417f881bff182958b068df70d5e69ba0347f93b99497850c26c307d3f53f917,256,256,a417f881bff182958b068df70d5e69ba0347f93b99497850c26c307d3f53f917,2,train
AQUA20,train,train,598,0,coral,/home/tahiti/MARINE_DATASETS/AQUA20_PREPARED/images/train/00_coral/train_000598_0cfb6aeed936.jpg,0cfb6aeed936a7cc7b655dde53a0a60e9eea28931faf6094c0bb458d790672a3,256,256,0cfb6aeed936a7cc7b655dde53a0a60e9eea28931faf6094c0bb458d790672a3,6,train
AQUA20,train,train,610,0,coral,/home/tahiti/MARINE_DATASETS/AQUA20_PREPARED/images/train/00_coral/train_000610_a8b3601eb23d.jpg,a8b3601eb23d79987f19b7495b59bbf10b2fba424921c5946e561577b438a163,256,256,a8b3601eb23d79987f19b7495b59bbf10b2fba424921c5946e561577b438a163,6,train
AQUA20,train,train,617,0,coral,/home/tahiti/MARINE_DATASETS/AQUA20_PREPARED/images/train/00_coral/train_000617_d43dea9cde1f.jpg,d43dea9cde1f6288a7a8147cc295bda78e4f0d3db6ff4e0b4c2c8dce8e944da7,256,256,d43dea9cde1f6288a7a8147cc295bda78e4f0d3db6ff4e0b4c2c8dce8e944da7,6,train
AQUA20,train,train,621,0,coral,/home/tahiti/MARINE_DATASETS/AQUA20_PREPARED/images/train/00_coral/train_000621_2ae8434bad71.jpg,2ae8434bad7143eab8835378dac9aaceaeee90ed4844ef7586fe7b312d7d9dd9,256,256,2ae8434bad7143eab8835378dac9aaceaeee90ed4844ef7586fe7b312d7d9dd9,4,train
AQUA20,train,train,641,0,coral,/home/tahiti/MARINE_DATASETS/AQUA20_PREPARED/images/train/00_coral/train_000641_de27896c0281.jpg,de27896c02817274997e3fbff7ff28725a6b4ba417012154f29e6f1c874bd254,256,256,de27896c02817274997e3fbff7ff28725a6b4ba417012154f29e6f1c874bd254,5,train
AQUA20,train,train,668,0,coral,/home/tahiti/MARINE_DATASETS/AQUA20_PREPARED/images/train/00_coral/train_000668_703fe72163a0.jpg,703fe72163a0ca452c6e1a75bef8ebdd3aae78efb0d403781a5857cb0055c850,256,256,703fe72163a0ca452c6e1a75bef8ebdd3aae78efb0d403781a5857cb0055c850,2,train
AQUA20,train,train,713,0,coral,/home/tahiti/MARINE_DATASETS/AQUA20_PREPARED/images/train/00_coral/train_000713_f1d64d641088.jpg,f1d64d641088faee9b93ea020f3017a587c36b4a744245867fb41035f398b6d7,256,256,f1d64d641088faee9b93ea020f3017a587c36b4a744245867fb41035f398b6d7,3,train
AQUA20,train,train,771,0,coral,/home/tahiti/MARINE_DATASETS/AQUA20_PREPARED/images/train/00_coral/train_000771_c79d4316914b.jpg,c79d4316914b94f05cb5864a624fdcc6cca1d9f853dc9d2853c93f8b4c8de521,256,256,c79d4316914b94f05cb5864a624fdcc6cca1d9f853dc9d2853c93f8b4c8de521,3,train
AQUA20,train,train,805,0,coral,/home/tahiti/MARINE_DATASETS/AQUA20_PREPARED/images/train/00_coral/train_000805_d4d21817d4ac.jpg,d4d21817d4ac3dcaae357601abf9efd87172b1a3010f8177bc1152192ef81f94,256,256,d4d21817d4ac3dcaae357601abf9efd87172b1a3010f8177bc1152192ef81f94,2,train
AQUA20,train,train,907,0,coral,/home/tahiti/MARINE_DATASETS/AQUA20_PREPARED/images/train/00_coral/train_000907_9381dce6066b.jpg,9381dce6066be88158b6429df302f1dc65ab515e1a412a8d893a9f6efbc93265,320,240,9381dce6066be88158b6429df302f1dc65ab515e1a412a8d893a9f6efbc93265,6,train
AQUA20,train,train,927,0,coral,/home/tahiti/MARINE_DATASETS/AQUA20_PREPARED/images/train/00_coral/train_000927_b549cc9870b3.jpg,b549cc9870b395427e4b705a3a9ff926170d989dbdef605eb008ea4ee228fe5f,320,240,b549cc9870b395427e4b705a3a9ff926170d989dbdef605eb008ea4ee228fe5f,6,train
AQUA20,train,train,935,0,coral,/home/tahiti/MARINE_DATASETS/AQUA20_PREPARED/images/train/00_coral/train_000935_01f83ed50583.jpg,01f83ed505835272c4d5218b1df3953f2bef2e410a304bd5dc7c28a13f23a36b,320,240,01f83ed505835272c4d5218b1df3953f2bef2e410a304bd5dc7c28a13f23a36b,5,train
AQUA20,train,train,1010,0,coral,/home/tahiti/MARINE_DATASETS/AQUA20_PREPARED/images/train/00_coral/train_001010_e4fcb0403eb7.jpg,e4fcb0403eb73c921cbc674f5c717871b4c49b7c86f372b801fa815ade6f1b0e,320,240,e4fcb0403eb73c921cbc674f5c717871b4c49b7c86f372b801fa815ade6f1b0e,4,train
AQUA20,train,train,1026,0,coral,/home/tahiti/MARINE_DATASETS/AQUA20_PREPARED/images/train/00_coral/train_001026_697e71801a70.jpg,697e71801a706e91977d48cedc49386547ad8d665f7900abb1e7f882a22c25d2,320,240,697e71801a706e91977d48cedc49386547ad8d665f7900abb1e7f882a22c25d2,3,train
AQUA20,train,train,1049,0,coral,/home/tahiti/MARINE_DATASETS/AQUA20_PREPARED/images/train/00_coral/train_001049_10ba1fa11c47.jpg,10ba1fa11c477e12de1214512ba2e22072d5e27d150bf9a4df6c6aa26a052569,320,240,10ba1fa11c477e12de1214512ba2e22072d5e27d150bf9a4df6c6aa26a052569,4,train
AQUA20,train,train,1062,0,coral,/home/tahiti/MARINE_DATASETS/AQUA20_PREPARED/images/train/00_coral/train_001062_13b2235408da.jpg,13b2235408dabc03041c6315d124c2ff96d7b58d249d9b090b2e66e6ad338fdb,320,240,13b2235408dabc03041c6315d124c2ff96d7b58d249d9b090b2e66e6ad338fdb,5,train
AQUA20,train,train,1077,0,coral,/home/tahiti/MARINE_DATASETS/AQUA20_PREPARED/images/train/00_coral/train_001077_07aab10c099d.jpg,07aab10c099d41c53cdd2083665561925ff4398785cf11578aa5159fdea4c69c,320,240,07aab10c099d41c53cdd2083665561925ff4398785cf11578aa5159fdea4c69c,6,train
AQUA20,train,train,1105,0,coral,/home/tahiti/MARINE_DATASETS/AQUA20_PREPARED/images/train/00_coral/train_001105_75e4b0194910.jpg,75e4b0194910bba273a62b0469d5e8e3b24223cf2657ac4578ecd98855fef774,320,240,75e4b0194910bba273a62b0469d5e8e3b24223cf2657ac4578ecd98855fef774,4,train
AQUA20,train,train,1157,0,coral,/home/tahiti/MARINE_DATASETS/AQUA20_PREPARED/images/train/00_coral/train_001157_a97fa7c79593.jpg,a97fa7c795930c9119f5c5de128f1aefbe34ebfb4f358d740285584759cbe19f,320,240,a97fa7c795930c9119f5c5de128f1aefbe34ebfb4f358d740285584759cbe19f,6,train
AQUA20,train,train,1172,0,coral,/home/tahiti/MARINE_DATASETS/AQUA20_PREPARED/images/train/00_coral/train_001172_e947034fd2f8.jpg,e947034fd2f8064d26e80685c1a1ad53972fb8150322be3a3789c0a2200aa5c1,320,240,e947034fd2f8064d26e80685c1a1ad53972fb8150322be3a3789c0a2200aa5c1,6,train
AQUA20,train,train,1189,0,coral,/home/tahiti/MARINE_DATASETS/AQUA20_PREPARED/images/train/00_coral/train_001189_852b728140ed.jpg,852b728140ed011035204459cb0509a4c01f1ba307c7fb798894721ad1c6ae11,320,240,852b728140ed011035204459cb0509a4c01f1ba307c7fb798894721ad1c6ae11,6,train
AQUA20,train,train,1233,0,coral,/home/tahiti/MARINE_DATASETS/AQUA20_PREPARED/images/train/00_coral/train_001233_b8370bba1519.jpg,b8370bba1519f50383356ac1cf2a648731e76db6fb5d1add76b55862b76338cd,320,240,b8370bba1519f50383356ac1cf2a648731e76db6fb5d1add76b55862b76338cd,4,train
AQUA20,train,train,1241,0,coral,/home/tahiti/MARINE_DATASETS/AQUA20_PREPARED/images/train/00_coral/train_001241_ade4ec4f40e5.jpg,ade4ec4f40e57069f0817c6893086c383f83d9a32bcdf95d788afa1672450526,256,256,ade4ec4f40e57069f0817c6893086c383f83d9a32bcdf95d788afa1672450526,2,train
AQUA20,train,train,1314,0,coral,/home/tahiti/MARINE_DATASETS/AQUA20_PREPARED/images/train/00_coral/train_001314_f06a40f107ea.jpg,f06a40f107ea5c23c77c08c8b96bdf1fcf5861b4427c0c0686b0f3688f9fa8f1,320,240,f06a40f107ea5c23c77c08c8b96bdf1fcf5861b4427c0c0686b0f3688f9fa8f1,5,train
AQUA20,train,train,1318,0,coral,/home/tahiti/MARINE_DATASETS/AQUA20_PREPARED/images/train/00_coral/train_001318_69a9f8b3b633.jpg,69a9f8b3b6333e20a52043fba720506ef60901e8dc2dc045df66fa23830ae654,256,256,69a9f8b3b6333e20a52043fba720506ef60901e8dc2dc045df66fa23830ae654,2,train
AQUA20,train,train,1370,0,coral,/home/tahiti/MARINE_DATASETS/AQUA20_PREPARED/images/train/00_coral/train_001370_d2aa608df83b.jpg,d2aa608df83bdfeeeb92c1d7814952b548cb8b2dd81b2cc394b4e2b7bab5d80f,320,240,d2aa608df83bdfeeeb92c1d7814952b548cb8b2dd81b2cc394b4e2b7bab5d80f,6,train
AQUA20,train,train,1373,0,coral,/home/tahiti/MARINE_DATASETS/AQUA20_PREPARED/images/train/00_coral/train_001373_0a8b55989195.jpg,0a8b55989195ef42375cbcc6b669be8b2f9b7f21269c5828ff64ffebbe49d660,320,240,0a8b55989195ef42375cbcc6b669be8b2f9b7f21269c5828ff64ffebbe49d660,5,train
AQUA20,train,train,1449,0,coral,/home/tahiti/MARINE_DATASETS/AQUA20_PREPARED/images/train/00_coral/train_001449_c725e665d7bd.jpg,c725e665d7bdee3be18b075a09a2a6390362ce987fcf4ed5b639605ef6bb2b3b,320,240,c725e665d7bdee3be18b075a09a2a6390362ce987fcf4ed5b639605ef6bb2b3b,2,train
AQUA20,train,train,1461,0,coral,/home/tahiti/MARINE_DATASETS/AQUA20_PREPARED/images/train/00_coral/train_001461_42d92618793f.jpg,42d92618793f05a6f1311aaa314b1875803af60c3bdd4e9ce995a5087aa0512f,320,240,42d92618793f05a6f1311aaa314b1875803af60c3bdd4e9ce995a5087aa0512f,2,train
AQUA20,train,train,1495,0,coral,/home/tahiti/MARINE_DATASETS/AQUA20_PREPARED/images/train/00_coral/train_001495_58be8103b75a.jpg,58be8103b75ab21e19103b3f1843c7b981733e70c40e69e8416c165c136a1302,320,240,58be8103b75ab21e19103b3f1843c7b981733e70c40e69e8416c165c136a1302,3,train
AQUA20,train,train,1525,0,coral,/home/tahiti/MARINE_DATASETS/AQUA20_PREPARED/images/train/00_coral/train_001525_d3264a654cb7.jpg,d3264a654cb712072b06fa8a1ea5ec0a4630d5325211d0d2f3c1bbe3bd767ea3,320,240,d3264a654cb712072b06fa8a1ea5ec0a4630d5325211d0d2f3c1bbe3bd767ea3,2,train
AQUA20,train,train,1584,1,crab,/home/tahiti/MARINE_DATASETS/AQUA20_PREPARED/images/train/01_crab/train_001584_a651576e50ff.jpg,a651576e50ff1517528cfaadbef0ae7a68736c7b62a36940938df3b952709b6c,256,256,a651576e50ff1517528cfaadbef0ae7a68736c7b62a36940938df3b952709b6c,4,train
AQUA20,train,train,1638,2,diver,/home/tahiti/MARINE_DATASETS/AQUA20_PREPARED/images/train/02_diver/train_001638_a3f2b18f6ffd.jpg,a3f2b18f6ffdcccde29ef6e61b67a8e4638e4105c7994bc88fadac57924f8062,256,256,a3f2b18f6ffdcccde29ef6e61b67a8e4638e4105c7994bc88fadac57924f8062,3,train
AQUA20,train,train,1643,2,diver,/home/tahiti/MARINE_DATASETS/AQUA20_PREPARED/images/train/02_diver/train_001643_1c42d73ae7b4.jpg,1c42d73ae7b4b2ee3b53a3f13b4de68c86ae2453be7d69cf2ba38de77dc0aa89,320,240,1c42d73ae7b4b2ee3b53a3f13b4de68c86ae2453be7d69cf2ba38de77dc0aa89,4,train
AQUA20,train,train,1706,3,eel,/home/tahiti/MARINE_DATASETS/AQUA20_PREPARED/images/train/03_eel/train_001706_be238806953d.jpg,be238806953dfb6846c11436c9841d2dbbcdad0894894b78294216bb7107563c,256,256,be238806953dfb6846c11436c9841d2dbbcdad0894894b78294216bb7107563c,2,train
AQUA20,train,train,1718,3,eel,/home/tahiti/MARINE_DATASETS/AQUA20_PREPARED/images/train/03_eel/train_001718_4f1b616fc245.jpg,4f1b616fc245458e7f0b0d49c947e2eb4e446e1d0017edc10368947ae12dd278,256,256,4f1b616fc245458e7f0b0d49c947e2eb4e446e1d0017edc10368947ae12dd278,2,train
AQUA20,train,train,1753,3,eel,/home/tahiti/MARINE_DATASETS/AQUA20_PREPARED/images/train/03_eel/train_001753_2db0337851c6.jpg,2db0337851c62fcf93bed6664dbdfd828a5dead499ca9e935f73178ba99f58ff,256,256,2db0337851c62fcf93bed6664dbdfd828a5dead499ca9e935f73178ba99f58ff,4,train
AQUA20,train,train,1798,3,eel,/home/tahiti/MARINE_DATASETS/AQUA20_PREPARED/images/train/03_eel/train_001798_04b47f109ccd.jpg,04b47f109ccd162c21d4ca08a9ac9b75167203dc526a86e11cc3a45d57894730,256,256,04b47f109ccd162c21d4ca08a9ac9b75167203dc526a86e11cc3a45d57894730,2,train
AQUA20,train,train,1817,4,fish,/home/tahiti/MARINE_DATASETS/AQUA20_PREPARED/images/train/04_fish/train_001817_0e9775c08069.jpg,0e9775c08069c50bc9552d64b6b36d1abb584696be173361dcc3aed41fd20c47,256,256,0e9775c08069c50bc9552d64b6b36d1abb584696be173361dcc3aed41fd20c47,5,train
AQUA20,train,train,1827,4,fish,/home/tahiti/MARINE_DATASETS/AQUA20_PREPARED/images/train/04_fish/train_001827_c7c15467cb29.jpg,c7c15467cb29667d3b5c48c5dd2857b1e9c8a4c8010109e56118b8099d86f671,320,240,c7c15467cb29667d3b5c48c5dd2857b1e9c8a4c8010109e56118b8099d86f671,6,train
AQUA20,train,train,1887,4,fish,/home/tahiti/MARINE_DATASETS/AQUA20_PREPARED/images/train/04_fish/train_001887_90e94b351a5c.jpg,90e94b351a5cd6ef4b0cfabcff8f6868b857677948d171c7f07ad13c3acfee60,320,240,90e94b351a5cd6ef4b0cfabcff8f6868b857677948d171c7f07ad13c3acfee60,4,train
AQUA20,train,train,1961,4,fish,/home/tahiti/MARINE_DATASETS/AQUA20_PREPARED/images/train/04_fish/train_001961_1be06fd9bb37.jpg,1be06fd9bb37b41b3c9fc96010ee406f2ffc1e9b9c2a0528321ec740b372c100,320,240,1be06fd9bb37b41b3c9fc96010ee406f2ffc1e9b9c2a0528321ec740b372c100,6,train
AQUA20,train,train,1991,4,fish,/home/tahiti/MARINE_DATASETS/AQUA20_PREPARED/images/train/04_fish/train_001991_f613ee460fc8.jpg,f613ee460fc809298bf5ad143d082f01a4faee2f1d3777e9290672448a8428cf,320,240,f613ee460fc809298bf5ad143d082f01a4faee2f1d3777e9290672448a8428cf,4,train
AQUA20,train,train,1992,4,fish,/home/tahiti/MARINE_DATASETS/AQUA20_PREPARED/images/train/04_fish/train_001992_043d429d1372.jpg,043d429d13723d6e7fb5abb6f62e70bb250976a6fbb5bafbb8ab773f282b63f3,320,240,043d429d13723d6e7fb5abb6f62e70bb250976a6fbb5bafbb8ab773f282b63f3,3,train
AQUA20,train,train,2039,4,fish,/home/tahiti/MARINE_DATASETS/AQUA20_PREPARED/images/train/04_fish/train_002039_b1c99997cc80.jpg,b1c99997cc808258b39727335d270938753ff15e94072f5528031018279d28e5,256,256,b1c99997cc808258b39727335d270938753ff15e94072f5528031018279d28e5,4,train
AQUA20,train,train,2093,4,fish,/home/tahiti/MARINE_DATASETS/AQUA20_PREPARED/images/train/04_fish/train_002093_8664e9dbcabd.jpg,8664e9dbcabd3a42af09ec6e8168dc46a12801c404983981ff74cb88d87bcf2b,256,256,8664e9dbcabd3a42af09ec6e8168dc46a12801c404983981ff74cb88d87bcf2b,4,train
AQUA20,train,train,2117,4,fish,/home/tahiti/MARINE_DATASETS/AQUA20_PREPARED/images/train/04_fish/train_002117_235fa0a03c76.jpg,235fa0a03c767e5eb96939e634f44f203e471cfcbed212224453c1a65caa16cd,256,256,235fa0a03c767e5eb96939e634f44f203e471cfcbed212224453c1a65caa16cd,2,train
AQUA20,train,train,2139,4,fish,/home/tahiti/MARINE_DATASETS/AQUA20_PREPARED/images/train/04_fish/train_002139_5a93c0321a57.jpg,5a93c0321a57020d6a986ce8b8e7138b35611c3c0a275a48b48e06d3ef30b691,256,256,5a93c0321a57020d6a986ce8b8e7138b35611c3c0a275a48b48e06d3ef30b691,4,train
AQUA20,train,train,2182,4,fish,/home/tahiti/MARINE_DATASETS/AQUA20_PREPARED/images/train/04_fish/train_002182_658d61e0bee2.jpg,658d61e0bee2ec4f8b0a3bf5703eaa53a1d3da217135f99547d3bf2299b50a99,256,256,658d61e0bee2ec4f8b0a3bf5703eaa53a1d3da217135f99547d3bf2299b50a99,5,train
AQUA20,train,train,2222,4,fish,/home/tahiti/MARINE_DATASETS/AQUA20_PREPARED/images/train/04_fish/train_002222_48ffc13c4d49.jpg,48ffc13c4d49b53d1e5c5a73b88204be2bc4eaa252a70650dca442e4b1493ece,256,256,48ffc13c4d49b53d1e5c5a73b88204be2bc4eaa252a70650dca442e4b1493ece,5,train
AQUA20,train,train,2227,4,fish,/home/tahiti/MARINE_DATASETS/AQUA20_PREPARED/images/train/04_fish/train_002227_b72e3191b11b.jpg,b72e3191b11b7134bb0af79e3bcc1e95d8a596ad335dcefdc11eb46b34d534fd,256,256,b72e3191b11b7134bb0af79e3bcc1e95d8a596ad335dcefdc11eb46b34d534fd,5,train
AQUA20,train,train,2235,4,fish,/home/tahiti/MARINE_DATASETS/AQUA20_PREPARED/images/train/04_fish/train_002235_32d9a62ffa76.jpg,32d9a62ffa7643aa2b64776d84da7e8d151d61b8fc98dd0a60a3770be98ae2a4,256,256,32d9a62ffa7643aa2b64776d84da7e8d151d61b8fc98dd0a60a3770be98ae2a4,4,train
AQUA20,train,train,2310,4,fish,/home/tahiti/MARINE_DATASETS/AQUA20_PREPARED/images/train/04_fish/train_002310_6d018514025a.jpg,6d018514025a4afdcbc4f01af8da9171fc7f57c03371c06cda37b6e5318f3e7d,256,256,6d018514025a4afdcbc4f01af8da9171fc7f57c03371c06cda37b6e5318f3e7d,5,train
AQUA20,train,train,2315,4,fish,/home/tahiti/MARINE_DATASETS/AQUA20_PREPARED/images/train/04_fish/train_002315_168b4f2732f7.jpg,168b4f2732f7c1b8be284b82d0162c5648832056df37fde90c459d9fb7afa389,256,256,168b4f2732f7c1b8be284b82d0162c5648832056df37fde90c459d9fb7afa389,6,train
AQUA20,train,train,2320,4,fish,/home/tahiti/MARINE_DATASETS/AQUA20_PREPARED/images/train/04_fish/train_002320_397315a75f60.jpg,397315a75f60c8c28621c56e04fde47ea28c4ff19a0b048a82c2b59cf2ba8b87,256,256,397315a75f60c8c28621c56e04fde47ea28c4ff19a0b048a82c2b59cf2ba8b87,5,train
AQUA20,train,train,2333,4,fish,/home/tahiti/MARINE_DATASETS/AQUA20_PREPARED/images/train/04_fish/train_002333_11040c7d0f58.jpg,11040c7d0f58656081d1abc38d2510f83464c93bc221369d502014b4271c7077,256,256,11040c7d0f58656081d1abc38d2510f83464c93bc221369d502014b4271c7077,6,train
AQUA20,train,train,2356,4,fish,/home/tahiti/MARINE_DATASETS/AQUA20_PREPARED/images/train/04_fish/train_002356_bbe16487b87c.jpg,bbe16487b87c79ff1c7b6535cf83e43ff458b84586c338482f9655b1709c730f,256,256,bbe16487b87c79ff1c7b6535cf83e43ff458b84586c338482f9655b1709c730f,4,train
AQUA20,train,train,2367,4,fish,/home/tahiti/MARINE_DATASETS/AQUA20_PREPARED/images/train/04_fish/train_002367_b1dce28ba996.jpg,b1dce28ba996896a47f8549ad9c27c9067f507a1e447e2f3ddb92268f6bd35fe,256,256,b1dce28ba996896a47f8549ad9c27c9067f507a1e447e2f3ddb92268f6bd35fe,5,train
AQUA20,train,train,2378,4,fish,/home/tahiti/MARINE_DATASETS/AQUA20_PREPARED/images/train/04_fish/train_002378_e19fa3d25250.jpg,e19fa3d2525013f8dce4692f371481ca2836e3d137f85aebb40f68f885d1ed61,256,256,e19fa3d2525013f8dce4692f371481ca2836e3d137f85aebb40f68f885d1ed61,3,train
AQUA20,train,train,2448,4,fish,/home/tahiti/MARINE_DATASETS/AQUA20_PREPARED/images/train/04_fish/train_002448_e1f7aaa3b77c.jpg,e1f7aaa3b77c3e171edaaae9ac3c5a518c54457c98b7fba939e37ab32e1a99d6,256,256,e1f7aaa3b77c3e171edaaae9ac3c5a518c54457c98b7fba939e37ab32e1a99d6,4,train
AQUA20,train,train,2460,4,fish,/home/tahiti/MARINE_DATASETS/AQUA20_PREPARED/images/train/04_fish/train_002460_7e9920495105.jpg,7e9920495105091e457f8ace2d898c5613a738a612d3e2183981b87c7dcf3493,256,256,7e9920495105091e457f8ace2d898c5613a738a612d3e2183981b87c7dcf3493,5,train
AQUA20,train,train,2541,4,fish,/home/tahiti/MARINE_DATASETS/AQUA20_PREPARED/images/train/04_fish/train_002541_ba23b8c7761d.jpg,ba23b8c7761deaf10a5f221ef5c26af0858610f9e8a5cbccee1a7a5a9f65a3af,256,256,ba23b8c7761deaf10a5f221ef5c26af0858610f9e8a5cbccee1a7a5a9f65a3af,6,train
AQUA20,train,train,2553,4,fish,/home/tahiti/MARINE_DATASETS/AQUA20_PREPARED/images/train/04_fish/train_002553_ee61e3c71884.jpg,ee61e3c718848e652c2650ce5b57f1c5b0b878c80c081c6c180994724688869a,256,256,ee61e3c718848e652c2650ce5b57f1c5b0b878c80c081c6c180994724688869a,5,train
AQUA20,train,train,2560,4,fish,/home/tahiti/MARINE_DATASETS/AQUA20_PREPARED/images/train/04_fish/train_002560_6cb1f8adbc13.jpg,6cb1f8adbc13159481fb3448c0c8a028af61f449427d3e5b72add602de7bef17,256,256,6cb1f8adbc13159481fb3448c0c8a028af61f449427d3e5b72add602de7bef17,4,train
AQUA20,train,train,2572,4,fish,/home/tahiti/MARINE_DATASETS/AQUA20_PREPARED/images/train/04_fish/train_002572_af7820595373.jpg,af78205953738309845b95721268aed679d67c1d5927a00b2faac9cb86e0941b,256,256,af78205953738309845b95721268aed679d67c1d5927a00b2faac9cb86e0941b,6,train
AQUA20,train,train,2629,4,fish,/home/tahiti/MARINE_DATASETS/AQUA20_PREPARED/images/train/04_fish/train_002629_5b13f4c8c50e.jpg,5b13f4c8c50e808fa330c505d0e23c4ca484d533acac08ca19720f13fee5f38d,256,256,5b13f4c8c50e808fa330c505d0e23c4ca484d533acac08ca19720f13fee5f38d,2,train
AQUA20,train,train,2644,4,fish,/home/tahiti/MARINE_DATASETS/AQUA20_PREPARED/images/train/04_fish/train_002644_353e947b756f.jpg,353e947b756f1c574631105d89cd45826e307f77f4d70ad2542763df2c2151f7,256,256,353e947b756f1c574631105d89cd45826e307f77f4d70ad2542763df2c2151f7,6,train
AQUA20,train,train,2699,4,fish,/home/tahiti/MARINE_DATASETS/AQUA20_PREPARED/images/train/04_fish/train_002699_03e631fc3867.jpg,03e631fc3867c372a03e6b61d84fa24178c98721c87c356738869f381ac1b186,256,256,03e631fc3867c372a03e6b61d84fa24178c98721c87c356738869f381ac1b186,6,train
AQUA20,train,train,2711,4,fish,/home/tahiti/MARINE_DATASETS/AQUA20_PREPARED/images/train/04_fish/train_002711_f5d154e6ac34.jpg,f5d154e6ac341f478535c3e9fc168e11deefa7420303b19daef2c8fef27d1e1d,256,256,f5d154e6ac341f478535c3e9fc168e11deefa7420303b19daef2c8fef27d1e1d,6,train
AQUA20,train,train,2738,4,fish,/home/tahiti/MARINE_DATASETS/AQUA20_PREPARED/images/train/04_fish/train_002738_83ac0ba8fb72.jpg,83ac0ba8fb723ad8207edb5546526fc37fd198ffa862e12be253c7291fa202dc,256,256,83ac0ba8fb723ad8207edb5546526fc37fd198ffa862e12be253c7291fa202dc,6,train
AQUA20,train,train,2802,4,fish,/home/tahiti/MARINE_DATASETS/AQUA20_PREPARED/images/train/04_fish/train_002802_0dd5fa1a82c7.jpg,0dd5fa1a82c78c806cc5657a196cc922779dc77fd5cd72e4379f1f1525f79ab5,256,256,0dd5fa1a82c78c806cc5657a196cc922779dc77fd5cd72e4379f1f1525f79ab5,4,train
AQUA20,train,train,2815,4,fish,/home/tahiti/MARINE_DATASETS/AQUA20_PREPARED/images/train/04_fish/train_002815_2b30bb58c1d9.jpg,2b30bb58c1d9656e5b0cc962cc7e9b2062299de08f82f1034d88659ddb29bbb6,256,256,2b30bb58c1d9656e5b0cc962cc7e9b2062299de08f82f1034d88659ddb29bbb6,6,train
AQUA20,train,train,2828,4,fish,/home/tahiti/MARINE_DATASETS/AQUA20_PREPARED/images/train/04_fish/train_002828_942fec519a4e.jpg,942fec519a4e2c646f25bc0ea30388d45efca7400186aa4efd2f77fb4c241b51,256,256,942fec519a4e2c646f25bc0ea30388d45efca7400186aa4efd2f77fb4c241b51,4,train
AQUA20,train,train,2850,4,fish,/home/tahiti/MARINE_DATASETS/AQUA20_PREPARED/images/train/04_fish/train_002850_1740d13622a8.jpg,1740d13622a85c26678b5834dc847a59e13c73921e9ef0d02705e1c1b2fd0baf,256,256,1740d13622a85c26678b5834dc847a59e13c73921e9ef0d02705e1c1b2fd0baf,5,train
AQUA20,train,train,2967,4,fish,/home/tahiti/MARINE_DATASETS/AQUA20_PREPARED/images/train/04_fish/train_002967_06de8c0e46ca.jpg,06de8c0e46cafeb5c78d74950488d7468dbbd9762281ce21c3c26d8bb4d674cb,256,256,06de8c0e46cafeb5c78d74950488d7468dbbd9762281ce21c3c26d8bb4d674cb,2,train
AQUA20,train,train,2980,4,fish,/home/tahiti/MARINE_DATASETS/AQUA20_PREPARED/images/train/04_fish/train_002980_94b916eff500.jpg,94b916eff500ee7c7173261d0a42574fb2a3f02862871a23872ddf8f4a3d5749,256,256,94b916eff500ee7c7173261d0a42574fb2a3f02862871a23872ddf8f4a3d5749,4,train
AQUA20,train,train,2982,4,fish,/home/tahiti/MARINE_DATASETS/AQUA20_PREPARED/images/train/04_fish/train_002982_c589547fae5b.jpg,c589547fae5beb7f474ea86322b72175bc3ba57f3c1d232d616f05c145a1971a,256,256,c589547fae5beb7f474ea86322b72175bc3ba57f3c1d232d616f05c145a1971a,3,train
AQUA20,train,train,3027,4,fish,/home/tahiti/MARINE_DATASETS/AQUA20_PREPARED/images/train/04_fish/train_003027_c004c5c3a714.jpg,c004c5c3a714d457ce6837164392e0fccdc5303fc65d6b8a300d78763ec137dc,256,256,c004c5c3a714d457ce6837164392e0fccdc5303fc65d6b8a300d78763ec137dc,2,train
AQUA20,train,train,3036,4,fish,/home/tahiti/MARINE_DATASETS/AQUA20_PREPARED/images/train/04_fish/train_003036_443e5fa9a4b8.jpg,443e5fa9a4b8e559630b16c897ad5c1e97338acf82578d7887c6cf10b948d712,256,256,443e5fa9a4b8e559630b16c897ad5c1e97338acf82578d7887c6cf10b948d712,5,train
AQUA20,train,train,3076,4,fish,/home/tahiti/MARINE_DATASETS/AQUA20_PREPARED/images/train/04_fish/train_003076_2ef8b45ec093.jpg,2ef8b45ec09387a92410710de23d5af0efa4231676888695457816a8ab077282,256,256,2ef8b45ec09387a92410710de23d5af0efa4231676888695457816a8ab077282,2,train
AQUA20,train,train,3092,4,fish,/home/tahiti/MARINE_DATASETS/AQUA20_PREPARED/images/train/04_fish/train_003092_093d7348cda3.jpg,093d7348cda3c788194ca2c4340fa317bd7a5b93ec48dd6946be3c4a92eaf324,256,256,093d7348cda3c788194ca2c4340fa317bd7a5b93ec48dd6946be3c4a92eaf324,3,train
AQUA20,train,train,3104,4,fish,/home/tahiti/MARINE_DATASETS/AQUA20_PREPARED/images/train/04_fish/train_003104_1109b11780f8.jpg,1109b11780f81965a0a90f3533727937dff13ac466d79a42816e6c0374224fff,256,256,1109b11780f81965a0a90f3533727937dff13ac466d79a42816e6c0374224fff,2,train
AQUA20,train,train,3106,4,fish,/home/tahiti/MARINE_DATASETS/AQUA20_PREPARED/images/train/04_fish/train_003106_390b28195b06.jpg,390b28195b06b02ea3986764fad73ab1a8db19234f08b8d1ecba20d02fd1a2bb,256,256,390b28195b06b02ea3986764fad73ab1a8db19234f08b8d1ecba20d02fd1a2bb,6,train
AQUA20,train,train,3108,4,fish,/home/tahiti/MARINE_DATASETS/AQUA20_PREPARED/images/train/04_fish/train_003108_56fdbe950986.jpg,56fdbe9509865d9030aa73aeb74fc56e7ce9a4ff8a209cfaa6f7ee5549c3cae3,256,256,56fdbe9509865d9030aa73aeb74fc56e7ce9a4ff8a209cfaa6f7ee5549c3cae3,4,train
AQUA20,train,train,3126,4,fish,/home/tahiti/MARINE_DATASETS/AQUA20_PREPARED/images/train/04_fish/train_003126_80906bc1bfde.jpg,80906bc1bfdeadf106984cd9c3e1d16aee6e923108234b5796d67ca86ffd4929,256,256,80906bc1bfdeadf106984cd9c3e1d16aee6e923108234b5796d67ca86ffd4929,5,train
AQUA20,train,train,3148,4,fish,/home/tahiti/MARINE_DATASETS/AQUA20_PREPARED/images/train/04_fish/train_003148_b34e7a8cdfc6.jpg,b34e7a8cdfc6e03f526e824c556968ee6f8525b706ee9c9b02eae9145f669f5f,256,256,b34e7a8cdfc6e03f526e824c556968ee6f8525b706ee9c9b02eae9145f669f5f,5,train
AQUA20,train,train,3189,4,fish,/home/tahiti/MARINE_DATASETS/AQUA20_PREPARED/images/train/04_fish/train_003189_025039830407.jpg,02503983040794592867426d5184354bce4d4c7277239b8463c3492b56cdfd63,256,256,02503983040794592867426d5184354bce4d4c7277239b8463c3492b56cdfd63,3,train
AQUA20,train,train,3211,4,fish,/home/tahiti/MARINE_DATASETS/AQUA20_PREPARED/images/train/04_fish/train_003211_bd207b6fb8fb.jpg,bd207b6fb8fb49d7013955b85aed3c2be60aaaf1dd1b8a26a9251a73855d50b1,256,256,bd207b6fb8fb49d7013955b85aed3c2be60aaaf1dd1b8a26a9251a73855d50b1,4,train
AQUA20,train,train,3214,4,fish,/home/tahiti/MARINE_DATASETS/AQUA20_PREPARED/images/train/04_fish/train_003214_a8c29890243a.jpg,a8c29890243a955fc63268da989b62bf63e714e29ed9bbe5f3e35214209280b0,256,256,a8c29890243a955fc63268da989b62bf63e714e29ed9bbe5f3e35214209280b0,6,train
AQUA20,train,train,3282,4,fish,/home/tahiti/MARINE_DATASETS/AQUA20_PREPARED/images/train/04_fish/train_003282_5900ce381bef.jpg,5900ce381befbef6527c4ff1c2a43205843b88f9c185de0229b7dba76a6b0ffa,256,256,5900ce381befbef6527c4ff1c2a43205843b88f9c185de0229b7dba76a6b0ffa,3,train
AQUA20,train,train,3319,4,fish,/home/tahiti/MARINE_DATASETS/AQUA20_PREPARED/images/train/04_fish/train_003319_7e26979bf35a.jpg,7e26979bf35a21a12794da272b70bb784f1c63116d403826fe1e2adc3be2394d,256,256,7e26979bf35a21a12794da272b70bb784f1c63116d403826fe1e2adc3be2394d,2,train
AQUA20,train,train,3339,4,fish,/home/tahiti/MARINE_DATASETS/AQUA20_PREPARED/images/train/04_fish/train_003339_a09ca21166bf.jpg,a09ca21166bf48b0f809d448a5506b1df38193bbd003bb7e8a7f28ffa8349cfb,256,256,a09ca21166bf48b0f809d448a5506b1df38193bbd003bb7e8a7f28ffa8349cfb,6,train
AQUA20,train,train,3352,4,fish,/home/tahiti/MARINE_DATASETS/AQUA20_PREPARED/images/train/04_fish/train_003352_6d66aae168aa.jpg,6d66aae168aaf9d5ac652c2c1539d3face5b202802d76d06cc3c98edeb89264f,256,256,6d66aae168aaf9d5ac652c2c1539d3face5b202802d76d06cc3c98edeb89264f,2,train
AQUA20,train,train,3389,4,fish,/home/tahiti/MARINE_DATASETS/AQUA20_PREPARED/images/train/04_fish/train_003389_e1447a958bb0.jpg,e1447a958bb0a8d6d44c0883934f51f30a727fcb802bd59917e2c8fe2ef01e5f,256,256,e1447a958bb0a8d6d44c0883934f51f30a727fcb802bd59917e2c8fe2ef01e5f,6,train
AQUA20,train,train,3427,4,fish,/home/tahiti/MARINE_DATASETS/AQUA20_PREPARED/images/train/04_fish/train_003427_9ab4f8a619ff.jpg,9ab4f8a619ff2c866277a5a6cc621bbfa9279bfc6308483b1618444453078839,256,256,9ab4f8a619ff2c866277a5a6cc621bbfa9279bfc6308483b1618444453078839,2,train
AQUA20,train,train,3440,4,fish,/home/tahiti/MARINE_DATASETS/AQUA20_PREPARED/images/train/04_fish/train_003440_ed347ee25767.jpg,ed347ee25767187b0372c7394471bc5d622dd4e6a1fddf56f233f14d2014aafc,256,256,ed347ee25767187b0372c7394471bc5d622dd4e6a1fddf56f233f14d2014aafc,5,train
AQUA20,train,train,3453,4,fish,/home/tahiti/MARINE_DATASETS/AQUA20_PREPARED/images/train/04_fish/train_003453_5291dec86d54.jpg,5291dec86d54bc59f299e64ba5337eba0d0ce82188d78c99cfe511b99f9b4b1f,256,256,5291dec86d54bc59f299e64ba5337eba0d0ce82188d78c99cfe511b99f9b4b1f,6,train
AQUA20,train,train,3454,4,fish,/home/tahiti/MARINE_DATASETS/AQUA20_PREPARED/images/train/04_fish/train_003454_90f982d6fa16.jpg,90f982d6fa16e07b3fc434a47474f042fbb8b58ddf1ba1c2a48ffd28ab49253d,256,256,90f982d6fa16e07b3fc434a47474f042fbb8b58ddf1ba1c2a48ffd28ab49253d,2,train
AQUA20,train,train,3517,4,fish,/home/tahiti/MARINE_DATASETS/AQUA20_PREPARED/images/train/04_fish/train_003517_51f8ed1e792d.jpg,51f8ed1e792d07eab5382464c3f0eaa5bf2d6c3eabf130e13aaad7fbdb5d3312,256,256,51f8ed1e792d07eab5382464c3f0eaa5bf2d6c3eabf130e13aaad7fbdb5d3312,4,train
AQUA20,train,train,3582,4,fish,/home/tahiti/MARINE_DATASETS/AQUA20_PREPARED/images/train/04_fish/train_003582_a02b9583443a.jpg,a02b9583443a0df7c769d75f82dcfc78ab23472df6869184c4d45de5b1b74aac,256,256,a02b9583443a0df7c769d75f82dcfc78ab23472df6869184c4d45de5b1b74aac,6,train
AQUA20,train,train,3603,4,fish,/home/tahiti/MARINE_DATASETS/AQUA20_PREPARED/images/train/04_fish/train_003603_d3984546fdfc.jpg,d3984546fdfcae00d9590f5c2e41aa7cabedbb81698270fbbf747ebbda36b5d8,256,256,d3984546fdfcae00d9590f5c2e41aa7cabedbb81698270fbbf747ebbda36b5d8,2,train
AQUA20,train,train,3608,4,fish,/home/tahiti/MARINE_DATASETS/AQUA20_PREPARED/images/train/04_fish/train_003608_d978d18ff199.jpg,d978d18ff1999d6b5e25d03c1c47ef89e93bef8e2f08f914e117b06b50f02181,256,256,d978d18ff1999d6b5e25d03c1c47ef89e93bef8e2f08f914e117b06b50f02181,4,train
AQUA20,train,train,3639,4,fish,/home/tahiti/MARINE_DATASETS/AQUA20_PREPARED/images/train/04_fish/train_003639_766e7d053cea.jpg,766e7d053cea45e92e7674cac4e42fc465b99fbc2c04ab3f0bcdc1365fba451c,256,256,766e7d053cea45e92e7674cac4e42fc465b99fbc2c04ab3f0bcdc1365fba451c,2,train
AQUA20,train,train,3658,4,fish,/home/tahiti/MARINE_DATASETS/AQUA20_PREPARED/images/train/04_fish/train_003658_20436f433e79.jpg,20436f433e79926600f98b7ee92ad01c1c4aebaa168108062946e25d50763fb5,256,256,20436f433e79926600f98b7ee92ad01c1c4aebaa168108062946e25d50763fb5,5,train
AQUA20,train,train,3684,4,fish,/home/tahiti/MARINE_DATASETS/AQUA20_PREPARED/images/train/04_fish/train_003684_89121a32c846.jpg,89121a32c84671bea173145eed629be7eece17ef7bb4f613fa356946b459d13f,256,256,89121a32c84671bea173145eed629be7eece17ef7bb4f613fa356946b459d13f,5,train
AQUA20,train,train,3688,4,fish,/home/tahiti/MARINE_DATASETS/AQUA20_PREPARED/images/train/04_fish/train_003688_72e63631dba1.jpg,72e63631dba1ba1244844ec58c2d38a112eba3e01107f51fe5a0bb100ab48a93,256,256,72e63631dba1ba1244844ec58c2d38a112eba3e01107f51fe5a0bb100ab48a93,5,train
AQUA20,train,train,3728,4,fish,/home/tahiti/MARINE_DATASETS/AQUA20_PREPARED/images/train/04_fish/train_003728_d69ec2900f11.jpg,d69ec2900f117aa61057707e05c1870a56a50ef79c22fc09acfc968874fa804d,256,256,d69ec2900f117aa61057707e05c1870a56a50ef79c22fc09acfc968874fa804d,3,train
AQUA20,train,train,3753,4,fish,/home/tahiti/MARINE_DATASETS/AQUA20_PREPARED/images/train/04_fish/train_003753_b35743378abd.jpg,b35743378abd0249b293676a889f7dc5f43a4264650c24729a9960cdbb77ab87,256,256,b35743378abd0249b293676a889f7dc5f43a4264650c24729a9960cdbb77ab87,3,train
AQUA20,train,train,3795,4,fish,/home/tahiti/MARINE_DATASETS/AQUA20_PREPARED/images/train/04_fish/train_003795_28677d37fc60.jpg,28677d37fc6060f9949cf54605ebf0ffb22c66e9a941cadab911303679ce5677,256,256,28677d37fc6060f9949cf54605ebf0ffb22c66e9a941cadab911303679ce5677,6,train
AQUA20,train,train,3866,4,fish,/home/tahiti/MARINE_DATASETS/AQUA20_PREPARED/images/train/04_fish/train_003866_f4b6500a68a9.jpg,f4b6500a68a98796b022b9ab1cee2d5bd018fc5c8c68f608cb535de75faa96ae,320,240,f4b6500a68a98796b022b9ab1cee2d5bd018fc5c8c68f608cb535de75faa96ae,2,train
AQUA20,train,train,3872,4,fish,/home/tahiti/MARINE_DATASETS/AQUA20_PREPARED/images/train/04_fish/train_003872_81d15ebb9cd1.jpg,81d15ebb9cd1ddd85a4b7b7b3ec2c51825bfcd46155a8fbf9a5239290d54b4a2,256,256,81d15ebb9cd1ddd85a4b7b7b3ec2c51825bfcd46155a8fbf9a5239290d54b4a2,5,train
AQUA20,train,train,3890,4,fish,/home/tahiti/MARINE_DATASETS/AQUA20_PREPARED/images/train/04_fish/train_003890_440504467a26.jpg,440504467a266a465c58cabeb2f6127d9481cc041086967a00ce992fe5ce505c,320,240,440504467a266a465c58cabeb2f6127d9481cc041086967a00ce992fe5ce505c,4,train
AQUA20,train,train,3926,4,fish,/home/tahiti/MARINE_DATASETS/AQUA20_PREPARED/images/train/04_fish/train_003926_62327267d11e.jpg,62327267d11ee0de4edb55c679765efc3ddf790479b51edc2a6553860d555c9a,320,240,62327267d11ee0de4edb55c679765efc3ddf790479b51edc2a6553860d555c9a,6,train
AQUA20,train,train,4078,5,fishInGroups,/home/tahiti/MARINE_DATASETS/AQUA20_PREPARED/images/train/05_fishInGroups/train_004078_e7377480b0ac.jpg,e7377480b0ac744d50f06d161c9798f0bdf40c3fb72145144339fe6e11e53b12,320,240,e7377480b0ac744d50f06d161c9798f0bdf40c3fb72145144339fe6e11e53b12,6,train
AQUA20,train,train,4079,5,fishInGroups,/home/tahiti/MARINE_DATASETS/AQUA20_PREPARED/images/train/05_fishInGroups/train_004079_0660a418c266.jpg,0660a418c26692fe9a06f1bae44f911c3ec8014c2b24a4f08947e26398350ef0,320,240,0660a418c26692fe9a06f1bae44f911c3ec8014c2b24a4f08947e26398350ef0,5,train
AQUA20,train,train,4097,5,fishInGroups,/home/tahiti/MARINE_DATASETS/AQUA20_PREPARED/images/train/05_fishInGroups/train_004097_27a6775bd0a3.jpg,27a6775bd0a36dc524e5a93861bc178277e5d104c475039aa4c876fec5442cd8,320,240,27a6775bd0a36dc524e5a93861bc178277e5d104c475039aa4c876fec5442cd8,2,train
AQUA20,train,train,4102,5,fishInGroups,/home/tahiti/MARINE_DATASETS/AQUA20_PREPARED/images/train/05_fishInGroups/train_004102_796b88d9ba9c.jpg,796b88d9ba9c6c48fe169975dddb4231dc134b7a3eec074250c266ab8d8d168b,320,240,796b88d9ba9c6c48fe169975dddb4231dc134b7a3eec074250c266ab8d8d168b,2,train
AQUA20,train,train,4149,5,fishInGroups,/home/tahiti/MARINE_DATASETS/AQUA20_PREPARED/images/train/05_fishInGroups/train_004149_60f6c2e86987.jpg,60f6c2e869874fd3c7950eb22d36db251148c51e215e86ce5d657fcd1d77bb68,320,240,60f6c2e869874fd3c7950eb22d36db251148c51e215e86ce5d657fcd1d77bb68,5,train
AQUA20,train,train,4263,5,fishInGroups,/home/tahiti/MARINE_DATASETS/AQUA20_PREPARED/images/train/05_fishInGroups/train_004263_2dcca3efcf82.jpg,2dcca3efcf8280b80bb9482887f8217c235f9c473403b452c60cc2684311424b,256,256,2dcca3efcf8280b80bb9482887f8217c235f9c473403b452c60cc2684311424b,6,train
AQUA20,train,train,4274,5,fishInGroups,/home/tahiti/MARINE_DATASETS/AQUA20_PREPARED/images/train/05_fishInGroups/train_004274_b537422f203e.jpg,b537422f203e8a1a34b8e4e2c595c67e1dea4a98c7ea9243bd9e6260123e864e,256,256,b537422f203e8a1a34b8e4e2c595c67e1dea4a98c7ea9243bd9e6260123e864e,4,train
AQUA20,train,train,4284,5,fishInGroups,/home/tahiti/MARINE_DATASETS/AQUA20_PREPARED/images/train/05_fishInGroups/train_004284_03fcbd3f3dc5.jpg,03fcbd3f3dc526c982dd50b5e07ea51a82a0c51ad1e9bd3f11971cf53a0af6db,256,256,03fcbd3f3dc526c982dd50b5e07ea51a82a0c51ad1e9bd3f11971cf53a0af6db,2,train
AQUA20,train,train,4307,6,flatworm,/home/tahiti/MARINE_DATASETS/AQUA20_PREPARED/images/train/06_flatworm/train_004307_8b94de27d3a3.jpg,8b94de27d3a3610af3a418537fc688dfcfb7675ae7d8566da902c08210992b8c,256,256,8b94de27d3a3610af3a418537fc688dfcfb7675ae7d8566da902c08210992b8c,4,train
AQUA20,train,train,4315,6,flatworm,/home/tahiti/MARINE_DATASETS/AQUA20_PREPARED/images/train/06_flatworm/train_004315_4d20c74fad51.jpg,4d20c74fad5123a7d135ad3c6a5e8b70b38f3285270a418f7cd18c3a2d325967,256,256,4d20c74fad5123a7d135ad3c6a5e8b70b38f3285270a418f7cd18c3a2d325967,3,train
AQUA20,train,train,4345,7,jellyfish,/home/tahiti/MARINE_DATASETS/AQUA20_PREPARED/images/train/07_jellyfish/train_004345_315d9b31bf9b.jpg,315d9b31bf9b2a36b6d060d3ebbdbf23c53e5e6cccd685f8aa83a78e406ba31c,256,256,315d9b31bf9b2a36b6d060d3ebbdbf23c53e5e6cccd685f8aa83a78e406ba31c,3,train
AQUA20,train,train,4356,7,jellyfish,/home/tahiti/MARINE_DATASETS/AQUA20_PREPARED/images/train/07_jellyfish/train_004356_a128ecc03cf2.jpg,a128ecc03cf2f95d1f63f39d6ebf1a1a1790d5d40f498b681a3a6eb46d569381,256,256,a128ecc03cf2f95d1f63f39d6ebf1a1a1790d5d40f498b681a3a6eb46d569381,2,train
AQUA20,train,train,4374,7,jellyfish,/home/tahiti/MARINE_DATASETS/AQUA20_PREPARED/images/train/07_jellyfish/train_004374_3c8a9846e3c2.jpg,3c8a9846e3c23f12cc7770a450dfb7e33ae0c228920f06bcf0f1d07fd4cae8c1,256,256,3c8a9846e3c23f12cc7770a450dfb7e33ae0c228920f06bcf0f1d07fd4cae8c1,6,train
AQUA20,train,train,4425,7,jellyfish,/home/tahiti/MARINE_DATASETS/AQUA20_PREPARED/images/train/07_jellyfish/train_004425_2a08bfae2a41.jpg,2a08bfae2a417308604d94206ef460339770be4275d50932a503f129b5930df9,320,240,2a08bfae2a417308604d94206ef460339770be4275d50932a503f129b5930df9,4,train
AQUA20,train,train,4435,8,marine_dolphin,/home/tahiti/MARINE_DATASETS/AQUA20_PREPARED/images/train/08_marine_dolphin/train_004435_d2f959d17f28.jpg,d2f959d17f287ded6c9ddf68eace07f858219be9b401796b3a598ada6a6c93f5,256,256,d2f959d17f287ded6c9ddf68eace07f858219be9b401796b3a598ada6a6c93f5,6,train
AQUA20,train,train,4442,8,marine_dolphin,/home/tahiti/MARINE_DATASETS/AQUA20_PREPARED/images/train/08_marine_dolphin/train_004442_acdd04382174.jpg,acdd043821746820b0a3e4aacb5eb5a65937bd38d18ec9af9aea68f05810ab00,279,181,acdd043821746820b0a3e4aacb5eb5a65937bd38d18ec9af9aea68f05810ab00,3,train
AQUA20,train,train,4468,9,octopus,/home/tahiti/MARINE_DATASETS/AQUA20_PREPARED/images/train/09_octopus/train_004468_c0dd0bc649c1.jpg,c0dd0bc649c1a87a5f2db77ad5c90c065fd9ddaed21d52d3e86a60a851a7fac2,256,256,c0dd0bc649c1a87a5f2db77ad5c90c065fd9ddaed21d52d3e86a60a851a7fac2,6,train
AQUA20,train,train,4534,10,rayfish,/home/tahiti/MARINE_DATASETS/AQUA20_PREPARED/images/train/10_rayfish/train_004534_4bc88916be94.jpg,4bc88916be9477bbc2f8c28c7227addc4de4a9534eb0b647354f8bd41daa940e,256,256,4bc88916be9477bbc2f8c28c7227addc4de4a9534eb0b647354f8bd41daa940e,2,train
AQUA20,train,train,4542,10,rayfish,/home/tahiti/MARINE_DATASETS/AQUA20_PREPARED/images/train/10_rayfish/train_004542_d92c4ecd7aba.jpg,d92c4ecd7aba7451b9a3c4e44746782dcaf305770a8f428c747356458e1ad0c9,256,256,d92c4ecd7aba7451b9a3c4e44746782dcaf305770a8f428c747356458e1ad0c9,5,train
AQUA20,train,train,4603,10,rayfish,/home/tahiti/MARINE_DATASETS/AQUA20_PREPARED/images/train/10_rayfish/train_004603_e40d49461889.jpg,e40d49461889a8c16f59591456c18bbcf762ee7f079e11b4531f70fd7730b188,256,256,e40d49461889a8c16f59591456c18bbcf762ee7f079e11b4531f70fd7730b188,3,train
AQUA20,train,train,4615,10,rayfish,/home/tahiti/MARINE_DATASETS/AQUA20_PREPARED/images/train/10_rayfish/train_004615_853a46c9a293.jpg,853a46c9a2935fffe4145bf018ac9b48b22a8fc3e55b17be0ca853682cca028f,256,256,853a46c9a2935fffe4145bf018ac9b48b22a8fc3e55b17be0ca853682cca028f,3,train
AQUA20,train,train,4623,10,rayfish,/home/tahiti/MARINE_DATASETS/AQUA20_PREPARED/images/train/10_rayfish/train_004623_32e6cdcd0846.jpg,32e6cdcd08460d12f55b1c08d1a7b487cfc69eb30fa93fab1ca53a2c47eaa400,256,256,32e6cdcd08460d12f55b1c08d1a7b487cfc69eb30fa93fab1ca53a2c47eaa400,6,train
AQUA20,train,train,4652,10,rayfish,/home/tahiti/MARINE_DATASETS/AQUA20_PREPARED/images/train/10_rayfish/train_004652_00015266494a.jpg,00015266494ac7a94139c8efddf162e4c69a0993cccadc743bcd6c771aa63b09,256,256,00015266494ac7a94139c8efddf162e4c69a0993cccadc743bcd6c771aa63b09,4,train
AQUA20,train,train,4666,10,rayfish,/home/tahiti/MARINE_DATASETS/AQUA20_PREPARED/images/train/10_rayfish/train_004666_0e76a21c54b7.jpg,0e76a21c54b79de5f770af87669300649869827b4f083bf9f217e683ed5c702e,256,256,0e76a21c54b79de5f770af87669300649869827b4f083bf9f217e683ed5c702e,4,train
AQUA20,train,train,4667,10,rayfish,/home/tahiti/MARINE_DATASETS/AQUA20_PREPARED/images/train/10_rayfish/train_004667_be7f2eb18a79.jpg,be7f2eb18a79ad287e3884687b5e08b8cc04df59a6961e475257150493372ab5,256,256,be7f2eb18a79ad287e3884687b5e08b8cc04df59a6961e475257150493372ab5,6,train
AQUA20,train,train,4785,10,rayfish,/home/tahiti/MARINE_DATASETS/AQUA20_PREPARED/images/train/10_rayfish/train_004785_9ea3a9b544f1.jpg,9ea3a9b544f13c4caa5c2d416234f7eca9e9d59efafd7f9ee079913b7e3c3791,256,256,9ea3a9b544f13c4caa5c2d416234f7eca9e9d59efafd7f9ee079913b7e3c3791,2,train
AQUA20,train,train,4799,10,rayfish,/home/tahiti/MARINE_DATASETS/AQUA20_PREPARED/images/train/10_rayfish/train_004799_e82c8fe96528.jpg,e82c8fe9652872b0dccf761f26d000247813370b1e54a98115561755f1919163,256,256,e82c8fe9652872b0dccf761f26d000247813370b1e54a98115561755f1919163,4,train
AQUA20,train,train,4809,10,rayfish,/home/tahiti/MARINE_DATASETS/AQUA20_PREPARED/images/train/10_rayfish/train_004809_770e784a0b9e.jpg,770e784a0b9ee00ebec195162fa239fd2835f3d0de0c15165935f18b118c17a7,256,256,770e784a0b9ee00ebec195162fa239fd2835f3d0de0c15165935f18b118c17a7,4,train
AQUA20,train,train,4861,11,seaAnemone,/home/tahiti/MARINE_DATASETS/AQUA20_PREPARED/images/train/11_seaAnemone/train_004861_84273b95e744.jpg,84273b95e7440a9576f9232b3b4b5c397c6ad0a45899069fd93116f20e31ea7c,256,256,84273b95e7440a9576f9232b3b4b5c397c6ad0a45899069fd93116f20e31ea7c,6,train
AQUA20,train,train,4889,11,seaAnemone,/home/tahiti/MARINE_DATASETS/AQUA20_PREPARED/images/train/11_seaAnemone/train_004889_d90a2266522e.jpg,d90a2266522eba7a13edbe776d0b6a82289dd5679e0f2ccd25c472356a79280f,320,240,d90a2266522eba7a13edbe776d0b6a82289dd5679e0f2ccd25c472356a79280f,3,train
AQUA20,train,train,4930,11,seaAnemone,/home/tahiti/MARINE_DATASETS/AQUA20_PREPARED/images/train/11_seaAnemone/train_004930_c576aff43874.jpg,c576aff4387432b18023ab6d4af598c76c8ad738b6711337e9d739b113247b84,256,256,c576aff4387432b18023ab6d4af598c76c8ad738b6711337e9d739b113247b84,6,train
AQUA20,train,train,4941,11,seaAnemone,/home/tahiti/MARINE_DATASETS/AQUA20_PREPARED/images/train/11_seaAnemone/train_004941_21b2261534b6.jpg,21b2261534b6e9c0c10e7feee9b749402c4718d267eab6573cb212777868386d,256,256,21b2261534b6e9c0c10e7feee9b749402c4718d267eab6573cb212777868386d,3,train
AQUA20,train,train,4944,11,seaAnemone,/home/tahiti/MARINE_DATASETS/AQUA20_PREPARED/images/train/11_seaAnemone/train_004944_78b8032d430a.jpg,78b8032d430a045f68357fcec69f70871bf696fe4691ba9b88efca75b22d3b6a,256,256,78b8032d430a045f68357fcec69f70871bf696fe4691ba9b88efca75b22d3b6a,2,train
AQUA20,train,train,4965,11,seaAnemone,/home/tahiti/MARINE_DATASETS/AQUA20_PREPARED/images/train/11_seaAnemone/train_004965_0300da039af9.jpg,0300da039af9166bb36475614653990b3920654fa10548f9859e721e3be34e76,256,256,0300da039af9166bb36475614653990b3920654fa10548f9859e721e3be34e76,6,train
AQUA20,train,train,4974,11,seaAnemone,/home/tahiti/MARINE_DATASETS/AQUA20_PREPARED/images/train/11_seaAnemone/train_004974_d29fc3b564e1.jpg,d29fc3b564e172641c49ea97c1868b17cd746457977ce0abd89bc09c8b86356f,256,256,d29fc3b564e172641c49ea97c1868b17cd746457977ce0abd89bc09c8b86356f,3,train
AQUA20,train,train,4984,11,seaAnemone,/home/tahiti/MARINE_DATASETS/AQUA20_PREPARED/images/train/11_seaAnemone/train_004984_4afc47754534.jpg,4afc47754534f9a6a4457374098c0424073de6013ba90de8aaf7cf618dbadbe3,256,256,4afc47754534f9a6a4457374098c0424073de6013ba90de8aaf7cf618dbadbe3,6,train
AQUA20,train,train,5032,11,seaAnemone,/home/tahiti/MARINE_DATASETS/AQUA20_PREPARED/images/train/11_seaAnemone/train_005032_7a2bbe2c08fb.jpg,7a2bbe2c08fba3e944a54b6b6f3c66f78e06fb303b16471d4282ca4d6a6d0ec5,256,256,7a2bbe2c08fba3e944a54b6b6f3c66f78e06fb303b16471d4282ca4d6a6d0ec5,6,train
AQUA20,train,train,5069,11,seaAnemone,/home/tahiti/MARINE_DATASETS/AQUA20_PREPARED/images/train/11_seaAnemone/train_005069_d7b00f5316c5.jpg,d7b00f5316c59fe2324ef47f8a4c0e03f1d36a9bc872fba7b0f98331d06742f9,256,256,d7b00f5316c59fe2324ef47f8a4c0e03f1d36a9bc872fba7b0f98331d06742f9,5,train
AQUA20,train,train,5229,11,seaAnemone,/home/tahiti/MARINE_DATASETS/AQUA20_PREPARED/images/train/11_seaAnemone/train_005229_47a6099353bc.jpg,47a6099353bc90c46b112f49800047ee932da6a8fa40266d62c3db7de1983dea,256,256,47a6099353bc90c46b112f49800047ee932da6a8fa40266d62c3db7de1983dea,2,train
AQUA20,train,train,5243,11,seaAnemone,/home/tahiti/MARINE_DATASETS/AQUA20_PREPARED/images/train/11_seaAnemone/train_005243_17d93982d524.jpg,17d93982d5241d750d060eea4e3ceea895e5c175a19cde073be2e0a2051fc865,256,256,17d93982d5241d750d060eea4e3ceea895e5c175a19cde073be2e0a2051fc865,6,train
AQUA20,train,train,5248,11,seaAnemone,/home/tahiti/MARINE_DATASETS/AQUA20_PREPARED/images/train/11_seaAnemone/train_005248_2babadedc4cf.jpg,2babadedc4cf56c805d8f0a69fa548e90ccfdbb25ccbbcf97541f5b3695c01b4,256,256,2babadedc4cf56c805d8f0a69fa548e90ccfdbb25ccbbcf97541f5b3695c01b4,6,train
AQUA20,train,train,5300,11,seaAnemone,/home/tahiti/MARINE_DATASETS/AQUA20_PREPARED/images/train/11_seaAnemone/train_005300_3ba5d12787a6.jpg,3ba5d12787a6bf0e497625840115f966b34788199553a825ca9007cfb1835947,256,256,3ba5d12787a6bf0e497625840115f966b34788199553a825ca9007cfb1835947,6,train
AQUA20,train,train,5388,11,seaAnemone,/home/tahiti/MARINE_DATASETS/AQUA20_PREPARED/images/train/11_seaAnemone/train_005388_0c5b1e032201.jpg,0c5b1e0322012b7b03cda6ba231c3edd5ac795fb50fe6bd23d0fd08676352530,256,256,0c5b1e0322012b7b03cda6ba231c3edd5ac795fb50fe6bd23d0fd08676352530,6,train
AQUA20,train,train,5445,11,seaAnemone,/home/tahiti/MARINE_DATASETS/AQUA20_PREPARED/images/train/11_seaAnemone/train_005445_e121833c4d8f.jpg,e121833c4d8f0de4509746d8af497ca0354fab0cfc4df914686dfd42745b52fb,256,256,e121833c4d8f0de4509746d8af497ca0354fab0cfc4df914686dfd42745b52fb,3,train
AQUA20,train,train,5477,11,seaAnemone,/home/tahiti/MARINE_DATASETS/AQUA20_PREPARED/images/train/11_seaAnemone/train_005477_38e5aa973613.jpg,38e5aa973613d06374e7ce67fafcd2a5cb69f0e3dfc4d5761c7ca2f3725aad71,256,256,38e5aa973613d06374e7ce67fafcd2a5cb69f0e3dfc4d5761c7ca2f3725aad71,5,train
AQUA20,train,train,5503,11,seaAnemone,/home/tahiti/MARINE_DATASETS/AQUA20_PREPARED/images/train/11_seaAnemone/train_005503_2aa296801c67.jpg,2aa296801c67c739c16b2bd3812879ec9b95dbb0d4f098d9d3dbec5f723f832b,256,256,2aa296801c67c739c16b2bd3812879ec9b95dbb0d4f098d9d3dbec5f723f832b,4,train
AQUA20,train,train,5516,11,seaAnemone,/home/tahiti/MARINE_DATASETS/AQUA20_PREPARED/images/train/11_seaAnemone/train_005516_71b6cc3d1b9d.jpg,71b6cc3d1b9da372e7d04dfee5c8cfa95dd10c4deca1b312eec9d89bb9c627b8,256,256,71b6cc3d1b9da372e7d04dfee5c8cfa95dd10c4deca1b312eec9d89bb9c627b8,4,train
AQUA20,train,train,5554,11,seaAnemone,/home/tahiti/MARINE_DATASETS/AQUA20_PREPARED/images/train/11_seaAnemone/train_005554_f81eedb22710.jpg,f81eedb2271098f70feba2f716ea33bee9e66efbc2d9a933416f81fdbba7f181,256,256,f81eedb2271098f70feba2f716ea33bee9e66efbc2d9a933416f81fdbba7f181,6,train
AQUA20,train,train,5670,11,seaAnemone,/home/tahiti/MARINE_DATASETS/AQUA20_PREPARED/images/train/11_seaAnemone/train_005670_f759e7c41e27.jpg,f759e7c41e2789936f017792ba41614009366cd2b3d929bd1a9b971561103519,256,256,f759e7c41e2789936f017792ba41614009366cd2b3d929bd1a9b971561103519,4,train
AQUA20,train,train,5703,11,seaAnemone,/home/tahiti/MARINE_DATASETS/AQUA20_PREPARED/images/train/11_seaAnemone/train_005703_8ce0826306cf.jpg,8ce0826306cf017e3a1a7c779fbeb0080eba5c71837a4095a0a9326a654a8303,256,256,8ce0826306cf017e3a1a7c779fbeb0080eba5c71837a4095a0a9326a654a8303,2,train
AQUA20,train,train,5716,11,seaAnemone,/home/tahiti/MARINE_DATASETS/AQUA20_PREPARED/images/train/11_seaAnemone/train_005716_ee3174bc9eb3.jpg,ee3174bc9eb3999c3b3eaa26ba6b513b381f580f54c7d66fba47f0b93522969c,256,256,ee3174bc9eb3999c3b3eaa26ba6b513b381f580f54c7d66fba47f0b93522969c,2,train
AQUA20,train,train,5726,11,seaAnemone,/home/tahiti/MARINE_DATASETS/AQUA20_PREPARED/images/train/11_seaAnemone/train_005726_ef9309df3327.jpg,ef9309df332789b25f660400d9cc549f80d5f0f0f27b672b7509727ba3ad9c11,256,256,ef9309df332789b25f660400d9cc549f80d5f0f0f27b672b7509727ba3ad9c11,2,train
AQUA20,train,train,5748,12,seaCucumber,/home/tahiti/MARINE_DATASETS/AQUA20_PREPARED/images/train/12_seaCucumber/train_005748_5338a4611db5.jpg,5338a4611db5e41f30f15e4a38bc590d3e6fecc45c2b7d5f06d7045ccc7bf936,256,256,5338a4611db5e41f30f15e4a38bc590d3e6fecc45c2b7d5f06d7045ccc7bf936,4,train
AQUA20,train,train,5757,12,seaCucumber,/home/tahiti/MARINE_DATASETS/AQUA20_PREPARED/images/train/12_seaCucumber/train_005757_43f6e253907e.jpg,43f6e253907ebc44ba3f99fcfb977502cb2c646cc9394722d5f3329f4927539f,256,256,43f6e253907ebc44ba3f99fcfb977502cb2c646cc9394722d5f3329f4927539f,6,train
AQUA20,train,train,5784,13,seaSlug,/home/tahiti/MARINE_DATASETS/AQUA20_PREPARED/images/train/13_seaSlug/train_005784_4dbf3428ad0a.jpg,4dbf3428ad0a7a1a1280fdbe4146ba5ea2123c3c9ccc6aef357c8e03fff81ab3,256,256,4dbf3428ad0a7a1a1280fdbe4146ba5ea2123c3c9ccc6aef357c8e03fff81ab3,6,train
AQUA20,train,train,5798,13,seaSlug,/home/tahiti/MARINE_DATASETS/AQUA20_PREPARED/images/train/13_seaSlug/train_005798_2586bd77a06f.jpg,2586bd77a06f57fda945e9f85fa7d76cfe7dcb9687b73e968b1a317eb001a6cf,256,256,2586bd77a06f57fda945e9f85fa7d76cfe7dcb9687b73e968b1a317eb001a6cf,5,train
AQUA20,train,train,5805,13,seaSlug,/home/tahiti/MARINE_DATASETS/AQUA20_PREPARED/images/train/13_seaSlug/train_005805_5e41a8433eec.jpg,5e41a8433eec9f18be9d7225db7a80d9dc6c9bbe881d2ffecf95c6935c662abc,256,256,5e41a8433eec9f18be9d7225db7a80d9dc6c9bbe881d2ffecf95c6935c662abc,6,train
AQUA20,train,train,5872,14,seaUrchin,/home/tahiti/MARINE_DATASETS/AQUA20_PREPARED/images/train/14_seaUrchin/train_005872_cd4c2aec4032.jpg,cd4c2aec403299b5fa7d70021f29932ef482cd5cb2d9205fd74e8a7e24f58920,256,256,cd4c2aec403299b5fa7d70021f29932ef482cd5cb2d9205fd74e8a7e24f58920,3,train
AQUA20,train,train,5891,14,seaUrchin,/home/tahiti/MARINE_DATASETS/AQUA20_PREPARED/images/train/14_seaUrchin/train_005891_98fee894f3a0.jpg,98fee894f3a0dba183578b88b74f2788745a2ee07359fd2c7cef025776402199,256,256,98fee894f3a0dba183578b88b74f2788745a2ee07359fd2c7cef025776402199,3,train
AQUA20,train,train,5922,14,seaUrchin,/home/tahiti/MARINE_DATASETS/AQUA20_PREPARED/images/train/14_seaUrchin/train_005922_998bf267cd01.jpg,998bf267cd0106ad2e6704c0d9a4f463f0ffbd23a592546cb7e42ad4c26fde12,256,256,998bf267cd0106ad2e6704c0d9a4f463f0ffbd23a592546cb7e42ad4c26fde12,4,train
AQUA20,train,train,5934,14,seaUrchin,/home/tahiti/MARINE_DATASETS/AQUA20_PREPARED/images/train/14_seaUrchin/train_005934_c94823a7e831.jpg,c94823a7e831c85dbd2201b3599bb692055bb556ad63b9f0766705ee513f6c01,256,256,c94823a7e831c85dbd2201b3599bb692055bb556ad63b9f0766705ee513f6c01,2,train
AQUA20,train,train,5944,14,seaUrchin,/home/tahiti/MARINE_DATASETS/AQUA20_PREPARED/images/train/14_seaUrchin/train_005944_8de5d6d1ae82.jpg,8de5d6d1ae8218c1db3e92dc6c2eb262e70713633267bd68f1ea6f1405898eb0,256,256,8de5d6d1ae8218c1db3e92dc6c2eb262e70713633267bd68f1ea6f1405898eb0,5,train
AQUA20,train,train,6004,15,shark,/home/tahiti/MARINE_DATASETS/AQUA20_PREPARED/images/train/15_shark/train_006004_35ff76d7ee09.jpg,35ff76d7ee09f625cb37483dd8dcaa91b6ab584abc3ae827e7fcedd3734ca286,256,256,35ff76d7ee09f625cb37483dd8dcaa91b6ab584abc3ae827e7fcedd3734ca286,3,train
AQUA20,train,train,6031,15,shark,/home/tahiti/MARINE_DATASETS/AQUA20_PREPARED/images/train/15_shark/train_006031_fd4cf1bb59bf.jpg,fd4cf1bb59bf2a26f1f0ed225ee9fbc18f646f90194504651f7a6e0d79a77f18,256,256,fd4cf1bb59bf2a26f1f0ed225ee9fbc18f646f90194504651f7a6e0d79a77f18,4,train
AQUA20,train,train,6042,15,shark,/home/tahiti/MARINE_DATASETS/AQUA20_PREPARED/images/train/15_shark/train_006042_a8b492a7f5fd.jpg,a8b492a7f5fd577b56351a9df81c3d820a1eb905227eee6974e37506913215d1,256,256,a8b492a7f5fd577b56351a9df81c3d820a1eb905227eee6974e37506913215d1,5,train
AQUA20,train,train,6048,16,shrimp,/home/tahiti/MARINE_DATASETS/AQUA20_PREPARED/images/train/16_shrimp/train_006048_f9c8bcdc3148.jpg,f9c8bcdc3148a07ceb3c6bc36256c6bf4845aaf1eacb5e55aabaeabd2eeb4532,256,256,f9c8bcdc3148a07ceb3c6bc36256c6bf4845aaf1eacb5e55aabaeabd2eeb4532,3,train
AQUA20,train,train,6080,17,squid,/home/tahiti/MARINE_DATASETS/AQUA20_PREPARED/images/train/17_squid/train_006080_a36977991bc5.jpg,a36977991bc5291dccc3d47f306d7a0d626be2a306ce10bde61ff38b1c587011,1024,768,a36977991bc5291dccc3d47f306d7a0d626be2a306ce10bde61ff38b1c587011,2,train
AQUA20,train,train,6092,17,squid,/home/tahiti/MARINE_DATASETS/AQUA20_PREPARED/images/train/17_squid/train_006092_ebf89289706e.jpg,ebf89289706eca84aa942c3f1ae0e6e7ec3cc0d7c081fb662d185823fe627f18,3607,2403,ebf89289706eca84aa942c3f1ae0e6e7ec3cc0d7c081fb662d185823fe627f18,5,train
AQUA20,train,train,6154,18,starfish,/home/tahiti/MARINE_DATASETS/AQUA20_PREPARED/images/train/18_starfish/train_006154_65ea5db8e1c2.jpg,65ea5db8e1c205a6dd8de0311aea1740fc6276c823557bf9de80a511695f6997,256,256,65ea5db8e1c205a6dd8de0311aea1740fc6276c823557bf9de80a511695f6997,5,train
AQUA20,train,train,6164,18,starfish,/home/tahiti/MARINE_DATASETS/AQUA20_PREPARED/images/train/18_starfish/train_006164_fb9587174ef3.jpg,fb9587174ef3bcc0b07b30e68576b022c4c082afe2e6bae3bbfb40718e05e6d8,320,240,fb9587174ef3bcc0b07b30e68576b022c4c082afe2e6bae3bbfb40718e05e6d8,2,train
AQUA20,train,train,6182,18,starfish,/home/tahiti/MARINE_DATASETS/AQUA20_PREPARED/images/train/18_starfish/train_006182_45bef8ec2b7f.jpg,45bef8ec2b7ff1ba7be23c4c27460e82b9b8405593f1ee2072c7dcec03557225,256,256,45bef8ec2b7ff1ba7be23c4c27460e82b9b8405593f1ee2072c7dcec03557225,6,train
AQUA20,train,train,6185,18,starfish,/home/tahiti/MARINE_DATASETS/AQUA20_PREPARED/images/train/18_starfish/train_006185_f08e884b737e.jpg,f08e884b737e1795c9d80950aba78cac492948c9d29e829be58333887e7dc5d7,256,256,f08e884b737e1795c9d80950aba78cac492948c9d29e829be58333887e7dc5d7,2,train
AQUA20,train,train,6210,18,starfish,/home/tahiti/MARINE_DATASETS/AQUA20_PREPARED/images/train/18_starfish/train_006210_f96f21a6cc75.jpg,f96f21a6cc75dd1379651632090b245618736c7fd2263747dad6a2c585fb32fc,256,256,f96f21a6cc75dd1379651632090b245618736c7fd2263747dad6a2c585fb32fc,6,train
AQUA20,train,train,6305,19,turtle,/home/tahiti/MARINE_DATASETS/AQUA20_PREPARED/images/train/19_turtle/train_006305_73c8a12110ce.jpg,73c8a12110cef78d30128f2708d78e6690c0287c61c94466211676179a6d67ff,320,240,73c8a12110cef78d30128f2708d78e6690c0287c61c94466211676179a6d67ff,3,train
AQUA20,train,train,6375,19,turtle,/home/tahiti/MARINE_DATASETS/AQUA20_PREPARED/images/train/19_turtle/train_006375_d87f0be95870.jpg,d87f0be9587057de5af0c72fdd76597d84d5a69a574603271e20fa8ed081699a,256,256,d87f0be9587057de5af0c72fdd76597d84d5a69a574603271e20fa8ed081699a,2,train
AQUA20,train,train,6376,19,turtle,/home/tahiti/MARINE_DATASETS/AQUA20_PREPARED/images/train/19_turtle/train_006376_7d6f71e24a0c.jpg,7d6f71e24a0c4bc06d5d58193784f7aa9e430d3c71ebfac442edb28227391714,256,256,7d6f71e24a0c4bc06d5d58193784f7aa9e430d3c71ebfac442edb28227391714,6,train
AQUA20,train,train,6389,19,turtle,/home/tahiti/MARINE_DATASETS/AQUA20_PREPARED/images/train/19_turtle/train_006389_9609e9f9ff0b.jpg,9609e9f9ff0b0bd27c0ec5defdad9c7a3848f1bc1dd89e65db0182d364fb09c2,256,256,9609e9f9ff0b0bd27c0ec5defdad9c7a3848f1bc1dd89e65db0182d364fb09c2,6,train
AQUA20,train,train,6427,19,turtle,/home/tahiti/MARINE_DATASETS/AQUA20_PREPARED/images/train/19_turtle/train_006427_f406b0fa7bca.jpg,f406b0fa7bca10d30fa49f2a3a82a3372642804f93c50ff93e9c40974acc9ae3,256,256,f406b0fa7bca10d30fa49f2a3a82a3372642804f93c50ff93e9c40974acc9ae3,2,train
AQUA20,train,train,6430,19,turtle,/home/tahiti/MARINE_DATASETS/AQUA20_PREPARED/images/train/19_turtle/train_006430_8809970c6f4f.jpg,8809970c6f4febf10efe2ed5c92ec9e2b4e035418125a52e85a3bed7039b651d,256,256,8809970c6f4febf10efe2ed5c92ec9e2b4e035418125a52e85a3bed7039b651d,4,train
AQUA20,train,train,6491,19,turtle,/home/tahiti/MARINE_DATASETS/AQUA20_PREPARED/images/train/19_turtle/train_006491_74d4d66e24c2.jpg,74d4d66e24c2924599f27d1d14475a86592e5cb788d67ead084cb80d24b3524a,256,256,74d4d66e24c2924599f27d1d14475a86592e5cb788d67ead084cb80d24b3524a,2,train
AQUA20,train,train,6495,19,turtle,/home/tahiti/MARINE_DATASETS/AQUA20_PREPARED/images/train/19_turtle/train_006495_67a9336a3656.jpg,67a9336a3656b49d7fcba25884cc0ab6f6265566da600be8a2620749b90609f1,256,256,67a9336a3656b49d7fcba25884cc0ab6f6265566da600be8a2620749b90609f1,2,train
AQUA20,train,train,6497,19,turtle,/home/tahiti/MARINE_DATASETS/AQUA20_PREPARED/images/train/19_turtle/train_006497_cd9a12ceb4d7.jpg,cd9a12ceb4d7efab8929a132ebb0447a7421c8b63f35f7ba082adc86dd2fef48,256,256,cd9a12ceb4d7efab8929a132ebb0447a7421c8b63f35f7ba082adc86dd2fef48,3,train
AQUA20,train,train,6536,19,turtle,/home/tahiti/MARINE_DATASETS/AQUA20_PREPARED/images/train/19_turtle/train_006536_2ef22749dec5.jpg,2ef22749dec535c5f79e214cf816ec116ccd97909d69b3c9278f20d1ef160beb,256,256,2ef22749dec535c5f79e214cf816ec116ccd97909d69b3c9278f20d1ef160beb,4,train
AQUA20,val,train,2,0,coral,/home/tahiti/MARINE_DATASETS/AQUA20_PREPARED/images/val/00_coral/train_000002_f6f727ba065b.jpg,f6f727ba065be161762bbffa0c138e367b3fa3d1f077a627503da7a441df73ba,256,256,f6f727ba065be161762bbffa0c138e367b3fa3d1f077a627503da7a441df73ba,6,train
AQUA20,val,train,106,0,coral,/home/tahiti/MARINE_DATASETS/AQUA20_PREPARED/images/val/00_coral/train_000106_6352ab6ef040.jpg,6352ab6ef040ccf47a55292710475e60266d6185436de4ca483e53c455d86e14,256,256,6352ab6ef040ccf47a55292710475e60266d6185436de4ca483e53c455d86e14,4,train
AQUA20,val,train,296,0,coral,/home/tahiti/MARINE_DATASETS/AQUA20_PREPARED/images/val/00_coral/train_000296_3026c0902c9b.jpg,3026c0902c9b9a250a1467833528b6f0831d5d35e081f5543ca7a0e5d28abafc,256,256,3026c0902c9b9a250a1467833528b6f0831d5d35e081f5543ca7a0e5d28abafc,3,train
AQUA20,val,train,355,0,coral,/home/tahiti/MARINE_DATASETS/AQUA20_PREPARED/images/val/00_coral/train_000355_97349fb4084e.jpg,97349fb4084eafb24bb99c64b553e95530cdb49f496eb51a1db0ef78064c6bd3,256,256,97349fb4084eafb24bb99c64b553e95530cdb49f496eb51a1db0ef78064c6bd3,5,train
AQUA20,val,train,519,0,coral,/home/tahiti/MARINE_DATASETS/AQUA20_PREPARED/images/val/00_coral/train_000519_6cec3a96e476.jpg,6cec3a96e47630ed640836450e4529f3a0638ce28fa07275a8022d8ccc84fe28,256,256,6cec3a96e47630ed640836450e4529f3a0638ce28fa07275a8022d8ccc84fe28,3,train
AQUA20,val,train,673,0,coral,/home/tahiti/MARINE_DATASETS/AQUA20_PREPARED/images/val/00_coral/train_000673_959373c125f4.jpg,959373c125f4e28924dc1d9489c167d7655d93fef609eaa2d677e5b973271b73,256,256,959373c125f4e28924dc1d9489c167d7655d93fef609eaa2d677e5b973271b73,4,train
AQUA20,val,train,731,0,coral,/home/tahiti/MARINE_DATASETS/AQUA20_PREPARED/images/val/00_coral/train_000731_1e4dae54862b.jpg,1e4dae54862b3b9b4ec16c0d184371198d07ed9ca041c9ff7f7bc8ecc5c1b65c,256,256,1e4dae54862b3b9b4ec16c0d184371198d07ed9ca041c9ff7f7bc8ecc5c1b65c,6,train
AQUA20,val,train,940,0,coral,/home/tahiti/MARINE_DATASETS/AQUA20_PREPARED/images/val/00_coral/train_000940_e75515b7ea48.jpg,e75515b7ea4857fd33adb882eefd5eec6d98093c49e72fcc8dd5d330138f0096,320,240,e75515b7ea4857fd33adb882eefd5eec6d98093c49e72fcc8dd5d330138f0096,2,train
AQUA20,val,train,997,0,coral,/home/tahiti/MARINE_DATASETS/AQUA20_PREPARED/images/val/00_coral/train_000997_63f94d187613.jpg,63f94d187613db08ed196f80f66b1d61b6fef266e2b07eb00ee579e0147554f7,320,240,63f94d187613db08ed196f80f66b1d61b6fef266e2b07eb00ee579e0147554f7,4,train
AQUA20,val,train,1165,0,coral,/home/tahiti/MARINE_DATASETS/AQUA20_PREPARED/images/val/00_coral/train_001165_1481db5ff97c.jpg,1481db5ff97c1f5607ad3030b9a4649549b4fede5b807fedcef4ec4031ddbf9f,320,240,1481db5ff97c1f5607ad3030b9a4649549b4fede5b807fedcef4ec4031ddbf9f,3,train
AQUA20,val,train,1210,0,coral,/home/tahiti/MARINE_DATASETS/AQUA20_PREPARED/images/val/00_coral/train_001210_0853c97a41d3.jpg,0853c97a41d3ccf3b7236a365d5fcee81e25b9b6a98513b95fba5e96ed7dbeb9,320,240,0853c97a41d3ccf3b7236a365d5fcee81e25b9b6a98513b95fba5e96ed7dbeb9,4,train
AQUA20,val,train,1526,0,coral,/home/tahiti/MARINE_DATASETS/AQUA20_PREPARED/images/val/00_coral/train_001526_6736f13d4131.jpg,6736f13d41310853f94ee57d725bf975ef01b71f892b1784c987daadc2746ecc,320,240,6736f13d41310853f94ee57d725bf975ef01b71f892b1784c987daadc2746ecc,5,train
AQUA20,val,train,1695,3,eel,/home/tahiti/MARINE_DATASETS/AQUA20_PREPARED/images/val/03_eel/train_001695_2e01184f6330.jpg,2e01184f6330ea5d5ee9bcad5216a9269308856dc7ef74ccb30ad5ca3e42294f,256,256,2e01184f6330ea5d5ee9bcad5216a9269308856dc7ef74ccb30ad5ca3e42294f,2,train
AQUA20,val,train,1743,3,eel,/home/tahiti/MARINE_DATASETS/AQUA20_PREPARED/images/val/03_eel/train_001743_25c3afc8928e.jpg,25c3afc8928eb88c70bcc6f44d1947c2b91420616168512ed20bd6769cc5756b,256,256,25c3afc8928eb88c70bcc6f44d1947c2b91420616168512ed20bd6769cc5756b,5,train
AQUA20,val,train,1839,4,fish,/home/tahiti/MARINE_DATASETS/AQUA20_PREPARED/images/val/04_fish/train_001839_51b63ea2ad4f.jpg,51b63ea2ad4fc997e0cee791dc3c18c031e48f8590e279e38a86a32673099d2e,320,240,51b63ea2ad4fc997e0cee791dc3c18c031e48f8590e279e38a86a32673099d2e,5,train
AQUA20,val,train,1989,4,fish,/home/tahiti/MARINE_DATASETS/AQUA20_PREPARED/images/val/04_fish/train_001989_abff6346bc9e.jpg,abff6346bc9edd8c4ab0e2e4c43ae016b013773b3dab2b628c6d691184f77c71,320,240,abff6346bc9edd8c4ab0e2e4c43ae016b013773b3dab2b628c6d691184f77c71,5,train
AQUA20,val,train,2243,4,fish,/home/tahiti/MARINE_DATASETS/AQUA20_PREPARED/images/val/04_fish/train_002243_e05e383ad48e.jpg,e05e383ad48ed074a1fd9bae10642c478010700966165c3757408ceb3c0429fa,256,256,e05e383ad48ed074a1fd9bae10642c478010700966165c3757408ceb3c0429fa,2,train
AQUA20,val,train,2914,4,fish,/home/tahiti/MARINE_DATASETS/AQUA20_PREPARED/images/val/04_fish/train_002914_89e8a17d0998.jpg,89e8a17d0998087f0f99f1cff8622a00653b116cf42310a0ab01b48942397d32,256,256,89e8a17d0998087f0f99f1cff8622a00653b116cf42310a0ab01b48942397d32,4,train
AQUA20,val,train,2929,4,fish,/home/tahiti/MARINE_DATASETS/AQUA20_PREPARED/images/val/04_fish/train_002929_fbc928eb6771.jpg,fbc928eb67716ebd535936c33352d36a9ccf712902d84c3a7416cbf4dd768fd2,256,256,fbc928eb67716ebd535936c33352d36a9ccf712902d84c3a7416cbf4dd768fd2,2,train
AQUA20,val,train,3465,4,fish,/home/tahiti/MARINE_DATASETS/AQUA20_PREPARED/images/val/04_fish/train_003465_ac7b3b2f144b.jpg,ac7b3b2f144b79b7f452b8f0d63cc9131e5826c1c8347112056d4f554d337bed,256,256,ac7b3b2f144b79b7f452b8f0d63cc9131e5826c1c8347112056d4f554d337bed,3,train
AQUA20,val,train,3553,4,fish,/home/tahiti/MARINE_DATASETS/AQUA20_PREPARED/images/val/04_fish/train_003553_2b3c283a5a18.jpg,2b3c283a5a187567d3fc12c3a09e61cd8a57216486ec47d58aac3d2b25964a10,256,256,2b3c283a5a187567d3fc12c3a09e61cd8a57216486ec47d58aac3d2b25964a10,3,train
AQUA20,val,train,3635,4,fish,/home/tahiti/MARINE_DATASETS/AQUA20_PREPARED/images/val/04_fish/train_003635_49312e6d13d6.jpg,49312e6d13d6cead9bcb15985e67bbd6a6e42a59503a69b19f75cb5daf9f8615,256,256,49312e6d13d6cead9bcb15985e67bbd6a6e42a59503a69b19f75cb5daf9f8615,2,train
AQUA20,val,train,3683,4,fish,/home/tahiti/MARINE_DATASETS/AQUA20_PREPARED/images/val/04_fish/train_003683_37c57b48e0eb.jpg,37c57b48e0ebb49447cf00ba9b892d12c068f3b40a5fce91bb4cd65a169356bb,256,256,37c57b48e0ebb49447cf00ba9b892d12c068f3b40a5fce91bb4cd65a169356bb,6,train
AQUA20,val,train,4151,5,fishInGroups,/home/tahiti/MARINE_DATASETS/AQUA20_PREPARED/images/val/05_fishInGroups/train_004151_96a31a2139f0.jpg,96a31a2139f08ab22ca14abf545a02e47523e45f3d9a6cd0bb4bb260306e1ea4,320,240,96a31a2139f08ab22ca14abf545a02e47523e45f3d9a6cd0bb4bb260306e1ea4,4,train
AQUA20,val,train,4275,5,fishInGroups,/home/tahiti/MARINE_DATASETS/AQUA20_PREPARED/images/val/05_fishInGroups/train_004275_12ed6462a682.jpg,12ed6462a682085776bd5195419be4eaa5dbab89b2b836229c227b8cfd332f5d,256,256,12ed6462a682085776bd5195419be4eaa5dbab89b2b836229c227b8cfd332f5d,2,train
AQUA20,val,train,4334,6,flatworm,/home/tahiti/MARINE_DATASETS/AQUA20_PREPARED/images/val/06_flatworm/train_004334_20c56bbd34a5.jpg,20c56bbd34a5b688e9d91409e42874f6fb40e6c42a663a5395822918acf27524,256,256,20c56bbd34a5b688e9d91409e42874f6fb40e6c42a663a5395822918acf27524,4,train
AQUA20,val,train,4338,7,jellyfish,/home/tahiti/MARINE_DATASETS/AQUA20_PREPARED/images/val/07_jellyfish/train_004338_8a150e7b28c1.jpg,8a150e7b28c1baaa578bb17b83dec4776531851b1e0317e80ccff29bfdfb6e6d,256,256,8a150e7b28c1baaa578bb17b83dec4776531851b1e0317e80ccff29bfdfb6e6d,4,train
AQUA20,val,train,4584,10,rayfish,/home/tahiti/MARINE_DATASETS/AQUA20_PREPARED/images/val/10_rayfish/train_004584_1c0eac4321b8.jpg,1c0eac4321b8a4643d47485cf029f15581f4d5a2525ef5f88e1ae05ad5dd2693,256,256,1c0eac4321b8a4643d47485cf029f15581f4d5a2525ef5f88e1ae05ad5dd2693,5,train
AQUA20,val,train,4675,10,rayfish,/home/tahiti/MARINE_DATASETS/AQUA20_PREPARED/images/val/10_rayfish/train_004675_3d7870c0a399.jpg,3d7870c0a39947cc88f70b4903be4603b839a0904af4298763b000cb12f692f5,256,256,3d7870c0a39947cc88f70b4903be4603b839a0904af4298763b000cb12f692f5,5,train
AQUA20,val,train,4970,11,seaAnemone,/home/tahiti/MARINE_DATASETS/AQUA20_PREPARED/images/val/11_seaAnemone/train_004970_be6acd8064f1.jpg,be6acd8064f131b19de624ee564707891397af34df672722a98682cdf2ac614d,256,256,be6acd8064f131b19de624ee564707891397af34df672722a98682cdf2ac614d,4,train
AQUA20,val,train,5031,11,seaAnemone,/home/tahiti/MARINE_DATASETS/AQUA20_PREPARED/images/val/11_seaAnemone/train_005031_586d8e3bb70b.jpg,586d8e3bb70b0676f29f0f4fdfedcb019f9636c419b9233d3164a94ecf5375d5,256,256,586d8e3bb70b0676f29f0f4fdfedcb019f9636c419b9233d3164a94ecf5375d5,5,train
AQUA20,val,train,5138,11,seaAnemone,/home/tahiti/MARINE_DATASETS/AQUA20_PREPARED/images/val/11_seaAnemone/train_005138_7e93506bc9cb.jpg,7e93506bc9cbf489552d606370ab63cb72678aace01133079ce0112c43bccfc4,256,256,7e93506bc9cbf489552d606370ab63cb72678aace01133079ce0112c43bccfc4,6,train
AQUA20,val,train,5285,11,seaAnemone,/home/tahiti/MARINE_DATASETS/AQUA20_PREPARED/images/val/11_seaAnemone/train_005285_79887d23b9f3.jpg,79887d23b9f324cf0eafb9e286c4971d0b06821c72628b899cd40aa74586f40e,256,256,79887d23b9f324cf0eafb9e286c4971d0b06821c72628b899cd40aa74586f40e,4,train
AQUA20,val,train,5441,11,seaAnemone,/home/tahiti/MARINE_DATASETS/AQUA20_PREPARED/images/val/11_seaAnemone/train_005441_078cf72f43ea.jpg,078cf72f43ea89102b217e220d4e8190501fbe6c963286ddd472ad95a104a3ad,256,256,078cf72f43ea89102b217e220d4e8190501fbe6c963286ddd472ad95a104a3ad,3,train
AQUA20,val,train,5526,11,seaAnemone,/home/tahiti/MARINE_DATASETS/AQUA20_PREPARED/images/val/11_seaAnemone/train_005526_5236a7519d96.jpg,5236a7519d96bf8b6866791ed32937c5756ffa85a71c4db0e1d26a45643e5f67,256,256,5236a7519d96bf8b6866791ed32937c5756ffa85a71c4db0e1d26a45643e5f67,2,train
AQUA20,val,train,5541,11,seaAnemone,/home/tahiti/MARINE_DATASETS/AQUA20_PREPARED/images/val/11_seaAnemone/train_005541_781720a62b5c.jpg,781720a62b5c396dad453e98069e1e07ea4d5242ce20ca7310553b6e0cc2bb4a,256,256,781720a62b5c396dad453e98069e1e07ea4d5242ce20ca7310553b6e0cc2bb4a,5,train
AQUA20,val,train,5822,13,seaSlug,/home/tahiti/MARINE_DATASETS/AQUA20_PREPARED/images/val/13_seaSlug/train_005822_61812a4e8c04.jpg,61812a4e8c04fa58d68794958907741d4e86f9778f72f990c61ee1fdc3121281,256,256,61812a4e8c04fa58d68794958907741d4e86f9778f72f990c61ee1fdc3121281,2,train
AQUA20,val,train,6043,15,shark,/home/tahiti/MARINE_DATASETS/AQUA20_PREPARED/images/val/15_shark/train_006043_b2b3336c8079.jpg,b2b3336c807937567e4e35f6e96c1546b89466dc8754d0de2ce0dee16230352f,320,240,b2b3336c807937567e4e35f6e96c1546b89466dc8754d0de2ce0dee16230352f,3,train
AQUA20,val,train,6109,18,starfish,/home/tahiti/MARINE_DATASETS/AQUA20_PREPARED/images/val/18_starfish/train_006109_69ee688c0652.jpg,69ee688c065255f35ce049f4f2c776d17dbaace236efd41b1472a6f7e081a1bd,256,256,69ee688c065255f35ce049f4f2c776d17dbaace236efd41b1472a6f7e081a1bd,3,train
AQUA20,val,train,6183,18,starfish,/home/tahiti/MARINE_DATASETS/AQUA20_PREPARED/images/val/18_starfish/train_006183_69b61d55779b.jpg,69b61d55779b021e63c17191f1a0795683492275145c08ea233ed09ddf47d3a8,256,256,69b61d55779b021e63c17191f1a0795683492275145c08ea233ed09ddf47d3a8,3,train
AQUA20,val,train,6499,19,turtle,/home/tahiti/MARINE_DATASETS/AQUA20_PREPARED/images/val/19_turtle/train_006499_105eb6ffe207.jpg,105eb6ffe207b5a662d6d2f0274695647771eeb8bcc4814ce4a08317b60760b7,256,256,105eb6ffe207b5a662d6d2f0274695647771eeb8bcc4814ce4a08317b60760b7,2,train
AQUA20,val,train,6540,19,turtle,/home/tahiti/MARINE_DATASETS/AQUA20_PREPARED/images/val/19_turtle/train_006540_5d9a731579f1.jpg,5d9a731579f1b2a2d0225d6d592b72b9a67ee7f74a11d391f0f978afc0b29010,256,256,5d9a731579f1b2a2d0225d6d592b72b9a67ee7f74a11d391f0f978afc0b29010,2,train
AQUA20,test,test,109,0,coral,/home/tahiti/MARINE_DATASETS/AQUA20_PREPARED/images/test/00_coral/test_000109_310629d00e87.jpg,310629d00e879370a783bd0aa720e34a283b5903c5bb4dc55618486982f34bfd,320,240,310629d00e879370a783bd0aa720e34a283b5903c5bb4dc55618486982f34bfd,3,train
AQUA20,test,test,126,0,coral,/home/tahiti/MARINE_DATASETS/AQUA20_PREPARED/images/test/00_coral/test_000126_13a0414b2586.jpg,13a0414b2586c1b03f019de3b065a4bdb30b862a1a9973fb7a523ad0ff6d24a3,256,256,13a0414b2586c1b03f019de3b065a4bdb30b862a1a9973fb7a523ad0ff6d24a3,6,train
AQUA20,test,test,180,0,coral,/home/tahiti/MARINE_DATASETS/AQUA20_PREPARED/images/test/00_coral/test_000180_f3c453a40fa6.jpg,f3c453a40fa6e3279fdbf369b2a1896a7751f6875c06ce8f9ec772563775dde3,256,256,f3c453a40fa6e3279fdbf369b2a1896a7751f6875c06ce8f9ec772563775dde3,5,train
AQUA20,test,test,205,0,coral,/home/tahiti/MARINE_DATASETS/AQUA20_PREPARED/images/test/00_coral/test_000205_3299ab0772e6.jpg,3299ab0772e6bf2825fee8fc2bb0ba39e711bf5af86b9d68f701e6708c80eb5f,256,256,3299ab0772e6bf2825fee8fc2bb0ba39e711bf5af86b9d68f701e6708c80eb5f,6,train
AQUA20,test,test,226,0,coral,/home/tahiti/MARINE_DATASETS/AQUA20_PREPARED/images/test/00_coral/test_000226_609a25b74219.jpg,609a25b7421941ea0b0ecd7f0baca5303a047a77fefd5ce03be9695de752ee1c,256,256,609a25b7421941ea0b0ecd7f0baca5303a047a77fefd5ce03be9695de752ee1c,2,train
AQUA20,test,test,244,0,coral,/home/tahiti/MARINE_DATASETS/AQUA20_PREPARED/images/test/00_coral/test_000244_b3ff1ef30e4f.jpg,b3ff1ef30e4ff19bc36da00895e78cbbfe1df7ce09bbfabb3368aee14910f2f4,256,256,b3ff1ef30e4ff19bc36da00895e78cbbfe1df7ce09bbfabb3368aee14910f2f4,4,train
AQUA20,test,test,259,0,coral,/home/tahiti/MARINE_DATASETS/AQUA20_PREPARED/images/test/00_coral/test_000259_1c7fb5b645b5.jpg,1c7fb5b645b53887a6d4d734d67b2e971b0d31184553d5633fdf61172b635a25,256,256,1c7fb5b645b53887a6d4d734d67b2e971b0d31184553d5633fdf61172b635a25,3,train
AQUA20,test,test,286,0,coral,/home/tahiti/MARINE_DATASETS/AQUA20_PREPARED/images/test/00_coral/test_000286_865fd4903fbd.jpg,865fd4903fbddf7f7cad74db9333c9b572c9902b28231239d2ccf5e68645dff3,256,256,865fd4903fbddf7f7cad74db9333c9b572c9902b28231239d2ccf5e68645dff3,3,train
AQUA20,test,test,344,0,coral,/home/tahiti/MARINE_DATASETS/AQUA20_PREPARED/images/test/00_coral/test_000344_e7ead52579cf.jpg,e7ead52579cfc513ab34452fb1d639e336dac74e532a1eca83c539001635a426,256,256,e7ead52579cfc513ab34452fb1d639e336dac74e532a1eca83c539001635a426,6,train
AQUA20,test,test,356,1,crab,/home/tahiti/MARINE_DATASETS/AQUA20_PREPARED/images/test/01_crab/test_000356_6af0d1c289d9.jpg,6af0d1c289d929c839d6c48882b29d73ca76c60f85bbf3517ddb144c4d1c3682,256,256,6af0d1c289d929c839d6c48882b29d73ca76c60f85bbf3517ddb144c4d1c3682,6,train
AQUA20,test,test,393,3,eel,/home/tahiti/MARINE_DATASETS/AQUA20_PREPARED/images/test/03_eel/test_000393_bd9f4051646e.jpg,bd9f4051646e9feabacb6f471ae1dc5f247eccefe571581f0ae5ee281ddddcf8,256,256,bd9f4051646e9feabacb6f471ae1dc5f247eccefe571581f0ae5ee281ddddcf8,2,train
AQUA20,test,test,412,3,eel,/home/tahiti/MARINE_DATASETS/AQUA20_PREPARED/images/test/03_eel/test_000412_1870eb722047.jpg,1870eb722047a2a372dc2478387ab87abdcc4e0986e2e4fc746ab5876ef0a14e,256,256,1870eb722047a2a372dc2478387ab87abdcc4e0986e2e4fc746ab5876ef0a14e,3,train
AQUA20,test,test,417,4,fish,/home/tahiti/MARINE_DATASETS/AQUA20_PREPARED/images/test/04_fish/test_000417_12b2b2d12c2c.jpg,12b2b2d12c2c4960471c0224a0b73db8f77cce65c6f871f80773e44c884a9daf,256,256,12b2b2d12c2c4960471c0224a0b73db8f77cce65c6f871f80773e44c884a9daf,4,train
AQUA20,test,test,426,4,fish,/home/tahiti/MARINE_DATASETS/AQUA20_PREPARED/images/test/04_fish/test_000426_335fe9541037.jpg,335fe95410376d015b202c934a9635929c14f3ca7fc187908fee9ee3e9224e20,256,256,335fe95410376d015b202c934a9635929c14f3ca7fc187908fee9ee3e9224e20,6,train
AQUA20,test,test,451,4,fish,/home/tahiti/MARINE_DATASETS/AQUA20_PREPARED/images/test/04_fish/test_000451_49b3cb242d25.jpg,49b3cb242d25b1a4105ddf46bc2f0b9cda1c75fe368a20d36b47ac4011552057,256,256,49b3cb242d25b1a4105ddf46bc2f0b9cda1c75fe368a20d36b47ac4011552057,3,train
AQUA20,test,test,478,4,fish,/home/tahiti/MARINE_DATASETS/AQUA20_PREPARED/images/test/04_fish/test_000478_5004d1c08055.jpg,5004d1c08055e476db9192ee9f563b0b94f27d89ee86e88d7219ed00ec4f03ee,256,256,5004d1c08055e476db9192ee9f563b0b94f27d89ee86e88d7219ed00ec4f03ee,6,train
AQUA20,test,test,517,4,fish,/home/tahiti/MARINE_DATASETS/AQUA20_PREPARED/images/test/04_fish/test_000517_30b65f87bc4a.jpg,30b65f87bc4afaa4ed806885ab1efffbc6a14f5fedceb9654243a9e49569d3ff,256,256,30b65f87bc4afaa4ed806885ab1efffbc6a14f5fedceb9654243a9e49569d3ff,4,train
AQUA20,test,test,572,4,fish,/home/tahiti/MARINE_DATASETS/AQUA20_PREPARED/images/test/04_fish/test_000572_da69bbe57f09.jpg,da69bbe57f091730f88d9ad592cdd7d5a71080ffd39788a2bbacdb2792508cfa,320,240,da69bbe57f091730f88d9ad592cdd7d5a71080ffd39788a2bbacdb2792508cfa,2,train
AQUA20,test,test,672,4,fish,/home/tahiti/MARINE_DATASETS/AQUA20_PREPARED/images/test/04_fish/test_000672_69317fc16167.jpg,69317fc161675c8f568e9090564ed6635ff8f83c3b9d0b799202964c41e7bd12,256,256,69317fc161675c8f568e9090564ed6635ff8f83c3b9d0b799202964c41e7bd12,5,train
AQUA20,test,test,674,4,fish,/home/tahiti/MARINE_DATASETS/AQUA20_PREPARED/images/test/04_fish/test_000674_2b3f7c9432ff.jpg,2b3f7c9432ff0c696960d0d42d91f330d27dbdb17d7fc080b4256c7dac7baa9a,256,256,2b3f7c9432ff0c696960d0d42d91f330d27dbdb17d7fc080b4256c7dac7baa9a,3,train
AQUA20,test,test,684,4,fish,/home/tahiti/MARINE_DATASETS/AQUA20_PREPARED/images/test/04_fish/test_000684_fd24291f79aa.jpg,fd24291f79aa1e63f517cdd8916a8666775e59d8153e5ecd670d3c1788b8b52f,256,256,fd24291f79aa1e63f517cdd8916a8666775e59d8153e5ecd670d3c1788b8b52f,5,train
AQUA20,test,test,808,4,fish,/home/tahiti/MARINE_DATASETS/AQUA20_PREPARED/images/test/04_fish/test_000808_3fa9d0c076ec.jpg,3fa9d0c076ec147acd2cddce7a296af14e999243462254d07d54d2d7d6d0d657,256,256,3fa9d0c076ec147acd2cddce7a296af14e999243462254d07d54d2d7d6d0d657,6,train
AQUA20,test,test,829,4,fish,/home/tahiti/MARINE_DATASETS/AQUA20_PREPARED/images/test/04_fish/test_000829_c692cb4c2e2c.jpg,c692cb4c2e2c6fff279ffcfdd0178f593928cfab21a140142069718113e9b32e,256,256,c692cb4c2e2c6fff279ffcfdd0178f593928cfab21a140142069718113e9b32e,2,train
AQUA20,test,test,872,4,fish,/home/tahiti/MARINE_DATASETS/AQUA20_PREPARED/images/test/04_fish/test_000872_5782bff4aa2e.jpg,5782bff4aa2e2f5eb291a4e9853a21ae30837bd8251a0fd39588e0b4107e39b4,256,256,5782bff4aa2e2f5eb291a4e9853a21ae30837bd8251a0fd39588e0b4107e39b4,3,train
AQUA20,test,test,896,4,fish,/home/tahiti/MARINE_DATASETS/AQUA20_PREPARED/images/test/04_fish/test_000896_fc6f210eadec.jpg,fc6f210eadec8d9cdd0bc32a080a3776a3cb4036b25fdd2d38707dd549ed7b51,256,256,fc6f210eadec8d9cdd0bc32a080a3776a3cb4036b25fdd2d38707dd549ed7b51,4,train
AQUA20,test,test,913,4,fish,/home/tahiti/MARINE_DATASETS/AQUA20_PREPARED/images/test/04_fish/test_000913_34eed4855983.jpg,34eed4855983a7c60e3763a3922bdf5576ea7c952bc284b00abb3ad3c922f6ae,256,256,34eed4855983a7c60e3763a3922bdf5576ea7c952bc284b00abb3ad3c922f6ae,3,train
AQUA20,test,test,971,5,fishInGroups,/home/tahiti/MARINE_DATASETS/AQUA20_PREPARED/images/test/05_fishInGroups/test_000971_7d1807f5214d.jpg,7d1807f5214dc6a2f72c2919fd05ee2ac1d194b0f290d3fcbdcc3e66b1d5b877,256,256,7d1807f5214dc6a2f72c2919fd05ee2ac1d194b0f290d3fcbdcc3e66b1d5b877,2,train
AQUA20,test,test,1002,5,fishInGroups,/home/tahiti/MARINE_DATASETS/AQUA20_PREPARED/images/test/05_fishInGroups/test_001002_334f8e746431.jpg,334f8e74643166fbed933b7840146c53391bf019ad0b56a57130896c6f0c0072,320,240,334f8e74643166fbed933b7840146c53391bf019ad0b56a57130896c6f0c0072,2,train
AQUA20,test,test,1007,5,fishInGroups,/home/tahiti/MARINE_DATASETS/AQUA20_PREPARED/images/test/05_fishInGroups/test_001007_22e53b00fb74.jpg,22e53b00fb74a5a36389ae3cfc266a086973f3d71498c4330f819664fced9511,320,240,22e53b00fb74a5a36389ae3cfc266a086973f3d71498c4330f819664fced9511,3,train
AQUA20,test,test,1101,10,rayfish,/home/tahiti/MARINE_DATASETS/AQUA20_PREPARED/images/test/10_rayfish/test_001101_e78a76e13a28.jpg,e78a76e13a28ed916e9fc450a90f3c542d9c0c00721e782346d67cb3ce737f23,256,256,e78a76e13a28ed916e9fc450a90f3c542d9c0c00721e782346d67cb3ce737f23,3,train
AQUA20,test,test,1150,10,rayfish,/home/tahiti/MARINE_DATASETS/AQUA20_PREPARED/images/test/10_rayfish/test_001150_b7cf7befbf1b.jpg,b7cf7befbf1b499949e721996c272d2a59b019e18fc79605a8071e3a36cd80c5,256,256,b7cf7befbf1b499949e721996c272d2a59b019e18fc79605a8071e3a36cd80c5,3,train
AQUA20,test,test,1153,10,rayfish,/home/tahiti/MARINE_DATASETS/AQUA20_PREPARED/images/test/10_rayfish/test_001153_0b62d184dc48.jpg,0b62d184dc4822f5883e1d70ee3151bd096f1aff059e3b6ab0795c033aadfb11,256,256,0b62d184dc4822f5883e1d70ee3151bd096f1aff059e3b6ab0795c033aadfb11,2,train
AQUA20,test,test,1162,10,rayfish,/home/tahiti/MARINE_DATASETS/AQUA20_PREPARED/images/test/10_rayfish/test_001162_ab9d8cc91540.jpg,ab9d8cc91540c3d8e2ae1413a254d6e86c1b8c52d22f0e6a83e8fedc7dbf0d4a,256,256,ab9d8cc91540c3d8e2ae1413a254d6e86c1b8c52d22f0e6a83e8fedc7dbf0d4a,6,train
AQUA20,test,test,1176,11,seaAnemone,/home/tahiti/MARINE_DATASETS/AQUA20_PREPARED/images/test/11_seaAnemone/test_001176_001fec9aa46b.jpg,001fec9aa46b4473baf75f977d927660327c6b80b77d9a6f448d3afdca2eb301,256,256,001fec9aa46b4473baf75f977d927660327c6b80b77d9a6f448d3afdca2eb301,5,train
AQUA20,test,test,1187,11,seaAnemone,/home/tahiti/MARINE_DATASETS/AQUA20_PREPARED/images/test/11_seaAnemone/test_001187_a18b9f6d668f.jpg,a18b9f6d668f08117a06cace2c35c1382c798f675a83556e7ebeee7b0eaf88f0,256,256,a18b9f6d668f08117a06cace2c35c1382c798f675a83556e7ebeee7b0eaf88f0,3,train
AQUA20,test,test,1206,11,seaAnemone,/home/tahiti/MARINE_DATASETS/AQUA20_PREPARED/images/test/11_seaAnemone/test_001206_e1d823c6e8dc.jpg,e1d823c6e8dc878fe9ab47113384ecd0fd854e819f87ed24c5198601d5e5010c,256,256,e1d823c6e8dc878fe9ab47113384ecd0fd854e819f87ed24c5198601d5e5010c,2,train
AQUA20,test,test,1207,11,seaAnemone,/home/tahiti/MARINE_DATASETS/AQUA20_PREPARED/images/test/11_seaAnemone/test_001207_4f13c26fc02d.jpg,4f13c26fc02d3c2fa025f6c3ace2542734ebc7bb10463ff2493fc74c8bf1be3a,256,256,4f13c26fc02d3c2fa025f6c3ace2542734ebc7bb10463ff2493fc74c8bf1be3a,6,train
AQUA20,test,test,1257,11,seaAnemone,/home/tahiti/MARINE_DATASETS/AQUA20_PREPARED/images/test/11_seaAnemone/test_001257_88ca83ecae2f.jpg,88ca83ecae2f7c13d856d02faca9595465dfdc9d11e4a3537098a1b7fb76969c,256,256,88ca83ecae2f7c13d856d02faca9595465dfdc9d11e4a3537098a1b7fb76969c,6,train
AQUA20,test,test,1266,11,seaAnemone,/home/tahiti/MARINE_DATASETS/AQUA20_PREPARED/images/test/11_seaAnemone/test_001266_8b6469d858fd.jpg,8b6469d858fd6782d443fe1d0ee1eeb9630addd209ab6c2ae2e47cc514c29575,256,256,8b6469d858fd6782d443fe1d0ee1eeb9630addd209ab6c2ae2e47cc514c29575,6,train
AQUA20,test,test,1321,11,seaAnemone,/home/tahiti/MARINE_DATASETS/AQUA20_PREPARED/images/test/11_seaAnemone/test_001321_df233e3b3348.jpg,df233e3b33489f033d472e934213f4e0173c95c6b7956c1c55fc56e3deae1626,256,256,df233e3b33489f033d472e934213f4e0173c95c6b7956c1c55fc56e3deae1626,5,train
AQUA20,test,test,1341,11,seaAnemone,/home/tahiti/MARINE_DATASETS/AQUA20_PREPARED/images/test/11_seaAnemone/test_001341_a5ab8fc3ab39.jpg,a5ab8fc3ab3965851e3ea635334146c3387cb9ff258fef2f50f1a05dc117c255,256,256,a5ab8fc3ab3965851e3ea635334146c3387cb9ff258fef2f50f1a05dc117c255,6,train
AQUA20,test,test,1345,11,seaAnemone,/home/tahiti/MARINE_DATASETS/AQUA20_PREPARED/images/test/11_seaAnemone/test_001345_d7ada3cf3bb9.jpg,d7ada3cf3bb9ed1737549a7abfe0ed25a1c05dc6ee4aec6f554c5c4c76acf197,256,256,d7ada3cf3bb9ed1737549a7abfe0ed25a1c05dc6ee4aec6f554c5c4c76acf197,4,train
AQUA20,test,test,1377,11,seaAnemone,/home/tahiti/MARINE_DATASETS/AQUA20_PREPARED/images/test/11_seaAnemone/test_001377_442600a5acca.jpg,442600a5accae65c6d6e0cce8584cc650ce3e0f9089d821c117c22e6ed307ed1,256,256,442600a5accae65c6d6e0cce8584cc650ce3e0f9089d821c117c22e6ed307ed1,3,train
AQUA20,test,test,1449,14,seaUrchin,/home/tahiti/MARINE_DATASETS/AQUA20_PREPARED/images/test/14_seaUrchin/test_001449_0f0d36884c70.jpg,0f0d36884c701d0b151d21d53847c8f937e63101a80cec9a81f3f75cfdd2e6a6,256,256,0f0d36884c701d0b151d21d53847c8f937e63101a80cec9a81f3f75cfdd2e6a6,5,train
AQUA20,test,test,1508,18,starfish,/home/tahiti/MARINE_DATASETS/AQUA20_PREPARED/images/test/18_starfish/test_001508_a067a26059e5.jpg,a067a26059e52e36b29a066e36c5da256117996fcf57248bf54b2e3b931ff0c2,256,256,a067a26059e52e36b29a066e36c5da256117996fcf57248bf54b2e3b931ff0c2,2,train
AQUA20,test,test,1547,19,turtle,/home/tahiti/MARINE_DATASETS/AQUA20_PREPARED/images/test/19_turtle/test_001547_ce0965ed3839.jpg,ce0965ed3839217f668b0d5c3da6b5134236267adbdc84127499d336aab32f30,256,256,ce0965ed3839217f668b0d5c3da6b5134236267adbdc84127499d336aab32f30,6,train
AQUA20,test,test,1569,19,turtle,/home/tahiti/MARINE_DATASETS/AQUA20_PREPARED/images/test/19_turtle/test_001569_527ce019f9e5.jpg,527ce019f9e563ca46dc63e54989426781d92100892c9e72dec160cd7c81051d,256,256,527ce019f9e563ca46dc63e54989426781d92100892c9e72dec160cd7c81051d,3,train
