annotation_id,image_id,category_id,label,roi_path,source_path,roi_sha256,source_sha256,group_id,fold,split
95,36,35,Isididae,/home/tahiti/MARINE_DATASETS/FathomNet_FGVC2025/data/rois/36_95.png,/home/tahiti/MARINE_DATASETS/FathomNet_FGVC2025/data/images/36.png,a68ea45b16aac4b251ec68106ff9d0ff089b489a76ba6b03fa89d81421797da4,b154bddc9f3453361ef39507592d3c891ed871c37a16e9ab04fd0ed05a0fa7be,36,6,train
562,148,49,Ophiuroidea,/home/tahiti/MARINE_DATASETS/FathomNet_FGVC2025/data/rois/148_562.png,/home/tahiti/MARINE_DATASETS/FathomNet_FGVC2025/data/images/148.png,267bd643c10b72ce437381a3c4efb5763a7b4a11377bafa16be4e4f1867514b6,b63d7bb26c93a3213edf385f113910890e18e2e9e9ad6d6754ff6bc161c9d016,148,1,train
610,162,37,Keratoisis,/home/tahiti/MARINE_DATASETS/FathomNet_FGVC2025/data/rois/162_610.png,/home/tahiti/MARINE_DATASETS/FathomNet_FGVC2025/data/images/162.png,398cb3de581ec1e223c9047f0e78d3ef15ca538b227d4e4b9b0544c177d48f77,ff02a802e7cf19baf9daecb21fbd384b8fedbdeb39108572b9a6e0327420048e,162,1,train
781,201,74,Strongylocentrotus fragilis,/home/tahiti/MARINE_DATASETS/FathomNet_FGVC2025/data/rois/201_781.png,/home/tahiti/MARINE_DATASETS/FathomNet_FGVC2025/data/images/201.png,fb04f3fdf2cfd55b6a13363eee0ee7721475bdd5ce8272f31290644bc6aa3f00,b7b08f5c0b84f9fa4739292c77e52b005783c95a0a54e1272503c2ed935c5193,201,2,train
846,229,60,Porifera,/home/tahiti/MARINE_DATASETS/FathomNet_FGVC2025/data/rois/229_846.png,/home/tahiti/MARINE_DATASETS/FathomNet_FGVC2025/data/images/229.png,3995132a2063c3b8e433698b0f265ad9e1b6999174db6bf79add792cd07476cb,c561badb7dcc5cc41dc4ebb12c4d99d32f1c56072d7ca80049a9713a3dab7f5a,229,1,train
919,255,54,Paragorgia,/home/tahiti/MARINE_DATASETS/FathomNet_FGVC2025/data/rois/255_919.png,/home/tahiti/MARINE_DATASETS/FathomNet_FGVC2025/data/images/255.png,f94ed91c617daa8b268c3a9b5949d644531bb6c546b056069b93e2922b942178,4051997ee5613338d90d02c8ad1e13ae3660d2dc81b650d4c123a356e691d8ed,255,4,train
976,267,61,Psathyrometra fragilis,/home/tahiti/MARINE_DATASETS/FathomNet_FGVC2025/data/rois/267_976.png,/home/tahiti/MARINE_DATASETS/FathomNet_FGVC2025/data/images/267.png,0e815eee9b7f5aee1b629b76890af8ec9b46bcc98dc22b3965717eb7ecc7ff79,b15c7cbbccb16de42adeeca6474e9edfa646cc7bb82a7ea3d1dcaed57549eba3,267,4,train
1121,306,74,Strongylocentrotus fragilis,/home/tahiti/MARINE_DATASETS/FathomNet_FGVC2025/data/rois/306_1121.png,/home/tahiti/MARINE_DATASETS/FathomNet_FGVC2025/data/images/306.png,028c292f42cf87fdd859d2472403682f8df8a541d8e86227db0c7ef1aa038229,4dea7c7cf13208c94911b18036fba962b67bf46e35ed9dc2c04d694df571bc2f,306,2,train
1148,313,28,Heterochone calyx,/home/tahiti/MARINE_DATASETS/FathomNet_FGVC2025/data/rois/313_1148.png,/home/tahiti/MARINE_DATASETS/FathomNet_FGVC2025/data/images/313.png,0e6ac5b764bf0590090735f246a5cd1045bc1f50ca101a0f1aacd910da661bf9,46bec2574409b8b47f37e9d6f3b124e1a845753f370c90f91db386543cc03914,313,6,train
1206,324,49,Ophiuroidea,/home/tahiti/MARINE_DATASETS/FathomNet_FGVC2025/data/rois/324_1206.png,/home/tahiti/MARINE_DATASETS/FathomNet_FGVC2025/data/images/324.png,cc97396702999e7ea90d0cc44c763fc851bc2cb1605493a8b5ea544251258f13,8db4af5f50f49111c8e2b069fcde45c51b0125978e7ee0df986fd801f3387e94,324,0,train
1299,346,65,Rathbunaster californicus,/home/tahiti/MARINE_DATASETS/FathomNet_FGVC2025/data/rois/346_1299.png,/home/tahiti/MARINE_DATASETS/FathomNet_FGVC2025/data/images/346.png,5fb242313685308b72871f946acc079c40aca4a9b17e622305786f2b69ac04c3,60634e93e01d41eaecbd68a36c427ad8744bccaf03d75df1ca1323c2215fab3f,346,0,train
1402,369,46,Mycale,/home/tahiti/MARINE_DATASETS/FathomNet_FGVC2025/data/rois/369_1402.png,/home/tahiti/MARINE_DATASETS/FathomNet_FGVC2025/data/images/369.png,ee0c6a252b85c20d8aaeb196eeb67d31b531cb3fc3a67e73a250fcc603e334d0,bd81e0295de2880133eb0125ebe80e71bc3ebc6e5fc8c9842510eaf2f657af48,369,2,train
1415,373,79,Zoantharia,/home/tahiti/MARINE_DATASETS/FathomNet_FGVC2025/data/rois/373_1415.png,/home/tahiti/MARINE_DATASETS/FathomNet_FGVC2025/data/images/373.png,0c721619dfe6a6b734317abf97df3d35a663c1879f74e4b7166c2d2c1318ce38,4d892a537a4b5a79427fadd552e7ef4cd0b2b4b86c0f78415c9fdc744c2ae6a2,373,6,train
1463,378,28,Heterochone calyx,/home/tahiti/MARINE_DATASETS/FathomNet_FGVC2025/data/rois/378_1463.png,/home/tahiti/MARINE_DATASETS/FathomNet_FGVC2025/data/images/378.png,c33dc7e54138630f445c3e78a6b93cdf77e18437b9a7fc17f21facc4150182ef,f06d449e8eab93411216e268fb8662d616f318a1f23b981819c13102ad282958,378,6,train
1495,389,55,Paragorgia arborea,/home/tahiti/MARINE_DATASETS/FathomNet_FGVC2025/data/rois/389_1495.png,/home/tahiti/MARINE_DATASETS/FathomNet_FGVC2025/data/images/389.png,40c90129e4b450667731c0f8fdcb66bbb7d673ceb1c02ff17926ab74887fa340,b5f9dc27d2068fad69b89e5cad4ed011476c878e106b65ad4ca625d0fda0ea45,389,4,train
1537,393,57,Parastenella,/home/tahiti/MARINE_DATASETS/FathomNet_FGVC2025/data/rois/393_1537.png,/home/tahiti/MARINE_DATASETS/FathomNet_FGVC2025/data/images/393.png,6a90d774be1ae26cf1c6b81e3cb74c000b5deaab6074ce483df1e84079bd523b,fddac54754a70fb6ace81f3c1257c9e85f1de045c532b01a86576646bee11b7e,393,0,train
1564,404,44,Munidopsis,/home/tahiti/MARINE_DATASETS/FathomNet_FGVC2025/data/rois/404_1564.png,/home/tahiti/MARINE_DATASETS/FathomNet_FGVC2025/data/images/404.png,d50bd2a4d1af67b068b4885da00dca3a7cde6331228b6273f5129353380e98cf,b4ac466457366bbc60d4fcc8edbc6bbe5e9f02110f5ae48d6c840418d1e872a0,404,1,train
1595,408,49,Ophiuroidea,/home/tahiti/MARINE_DATASETS/FathomNet_FGVC2025/data/rois/408_1595.png,/home/tahiti/MARINE_DATASETS/FathomNet_FGVC2025/data/images/408.png,63d7894829a1420152838ffc9e484b97a67e9a9016080bdf032677b410006b54,d025cae724a7fab6faabf5e4e16890753bc06c840788d1ff7aac74eb861b2bb6,408,0,train
1929,472,74,Strongylocentrotus fragilis,/home/tahiti/MARINE_DATASETS/FathomNet_FGVC2025/data/rois/472_1929.png,/home/tahiti/MARINE_DATASETS/FathomNet_FGVC2025/data/images/472.png,f862d64969fcc380568cd95ac53d4ef5876ac5231691dccefa9ff79f18950416,9227ae83dfe2e11fae971f269d87d1200176544b1282020f0fade4516749be82,472,2,train
2109,512,73,Staurocalyptus,/home/tahiti/MARINE_DATASETS/FathomNet_FGVC2025/data/rois/512_2109.png,/home/tahiti/MARINE_DATASETS/FathomNet_FGVC2025/data/images/512.png,1b4e0d0191efebf820329382c1509b8ad27ef6c99c891bbcc89795008e83f214,063d9e1e35fbb3a1a45d029a14c4577a8794ef1be7a9795f234c8c2b3892599f,512,1,train
2359,575,43,Microstomus pacificus,/home/tahiti/MARINE_DATASETS/FathomNet_FGVC2025/data/rois/575_2359.png,/home/tahiti/MARINE_DATASETS/FathomNet_FGVC2025/data/images/575.png,55be0c3eb04780ebb2fb03b44559636ce46e08941c10bb0f21f5e4176ab07d5f,b32170b886596ee63d0e4118d6f6bee35a14d45b98f24f3bd5c1192286c8fbe9,575,4,train
2421,591,15,Ceriantharia,/home/tahiti/MARINE_DATASETS/FathomNet_FGVC2025/data/rois/591_2421.png,/home/tahiti/MARINE_DATASETS/FathomNet_FGVC2025/data/images/591.png,9326d279441fb4f8b35f20977d5f9f56db1a1eb2df0e790fe236514adc354a1a,9a61d2db89e8133708e2d0998429e3e0ee0f86c51e3d9e513b6bd7f11e28ab85,591,1,train
2571,634,33,Hormathiidae,/home/tahiti/MARINE_DATASETS/FathomNet_FGVC2025/data/rois/634_2571.png,/home/tahiti/MARINE_DATASETS/FathomNet_FGVC2025/data/images/634.png,2caabb8ecc10b5a85fd04f48024926ade5fdba953bfcc525db6ba54da4f30ec7,cc0e61c92938c1f7c92abee0687689713ec2c6ee8b623de97dfa85417250c8da,634,0,train
2686,664,58,Peniagone,/home/tahiti/MARINE_DATASETS/FathomNet_FGVC2025/data/rois/664_2686.png,/home/tahiti/MARINE_DATASETS/FathomNet_FGVC2025/data/images/664.png,7450339fd7f80e1f35443fab9eb25965f9c0f99d55c1e7f35cc59b6f71b75233,744d04ef5edb84dee2549a877a786a61650122f241a3453ff9efb1b750460dc0,664,4,train
2698,668,62,Psolus squamatus,/home/tahiti/MARINE_DATASETS/FathomNet_FGVC2025/data/rois/668_2698.png,/home/tahiti/MARINE_DATASETS/FathomNet_FGVC2025/data/images/668.png,996bf561c94674b897f3a771b3fccf9500b758c6a121063aaf696d98a49675a6,ee309a43ab9dff40c2fec8e4ef960c1d34f3a6e608a27299e4791f3800fbd7a0,668,2,train
2882,729,29,Heteropolypus ritteri,/home/tahiti/MARINE_DATASETS/FathomNet_FGVC2025/data/rois/729_2882.png,/home/tahiti/MARINE_DATASETS/FathomNet_FGVC2025/data/images/729.png,e9937c3cff889ff31e9215b789b88675ad56152118db2e41e89019ddb3efc703,c7562a5ce59e4a7f076338d5fffd29f0e1c798e5c3c73eb60057ab5ceff34be3,729,1,train
2945,740,35,Isididae,/home/tahiti/MARINE_DATASETS/FathomNet_FGVC2025/data/rois/740_2945.png,/home/tahiti/MARINE_DATASETS/FathomNet_FGVC2025/data/images/740.png,9fc49ade7ee87e80b6fe2761003f6c38509917b80147720ea8780bbc4304bce6,0e09b486a717aabfa1f8f55353f34c926b38f3e26808f216eabb885a67a16011,740,6,train
3028,760,16,Chionoecetes tanneri,/home/tahiti/MARINE_DATASETS/FathomNet_FGVC2025/data/rois/760_3028.png,/home/tahiti/MARINE_DATASETS/FathomNet_FGVC2025/data/images/760.png,fe8dcbcaee3c40e7b347cbe454be4dab478a44d8f8fdf861d838a2a943ab084f,0ae68de6eb34c95000351c56c3930f47ab6bf2363472390c946aae9240098700,760,2,train
3256,829,57,Parastenella,/home/tahiti/MARINE_DATASETS/FathomNet_FGVC2025/data/rois/829_3256.png,/home/tahiti/MARINE_DATASETS/FathomNet_FGVC2025/data/images/829.png,603ccec6179ae5bd8c5c26a54fc436e48c1265234f57276afc6781637de6c5a2,1a1f27c394ea2cb25fc3a1258e21bc83d3820c9e57053eca61501173a96114e1,829,4,train
3263,834,68,Scotoplanes globosa,/home/tahiti/MARINE_DATASETS/FathomNet_FGVC2025/data/rois/834_3263.png,/home/tahiti/MARINE_DATASETS/FathomNet_FGVC2025/data/images/834.png,5dc4f3f158edeff5a366323e29e54742704f04513d0e44d07a18223b18f3c9f5,e02b94dcd6828366e34b1594d53fb3378e20f7bf8b53b37a482d7661c3e98cb8,834,1,train
3346,861,73,Staurocalyptus,/home/tahiti/MARINE_DATASETS/FathomNet_FGVC2025/data/rois/861_3346.png,/home/tahiti/MARINE_DATASETS/FathomNet_FGVC2025/data/images/861.png,7e1f4eab79ca452010a5857ad7220ab76e1cbc2d18604b46a6210128bd3b3534,0eee46cb64e8d2959a1827ba36d6f7fe48bc418fa64d6085191b486a7cba7449,861,4,train
3368,862,59,Pennatula phosphorea,/home/tahiti/MARINE_DATASETS/FathomNet_FGVC2025/data/rois/862_3368.png,/home/tahiti/MARINE_DATASETS/FathomNet_FGVC2025/data/images/862.png,7a2f39801c03bcade72ab25cfa4cdb5d551b058db3b2a1fbb2c255814ef2c6d0,79bbd32576c9dede6f7bad1fa144de4209f998c51db376d87ed558728d2f1834,862,4,train
3455,882,31,Hippasteria,/home/tahiti/MARINE_DATASETS/FathomNet_FGVC2025/data/rois/882_3455.png,/home/tahiti/MARINE_DATASETS/FathomNet_FGVC2025/data/images/882.png,32c35b003e103c44c40f259cd02cde951c35e370ab9b7a783dfbe93fab2ad29c,5b2d6a2acd4334bdf0e30e3bf4b17ac8e2033d25d803bbfdcea3bcdf1d81818e,882,4,train
3710,951,71,Sebastolobus,/home/tahiti/MARINE_DATASETS/FathomNet_FGVC2025/data/rois/951_3710.png,/home/tahiti/MARINE_DATASETS/FathomNet_FGVC2025/data/images/951.png,9db1da04926862c0a6a90b62d5140fa4ad86f14bca75d36c4994a6de8f0ae0eb,5d2e4fe188b26558c05dfa16044441391dee7220859000be00ccf0956fad084d,951,0,train
3756,965,43,Microstomus pacificus,/home/tahiti/MARINE_DATASETS/FathomNet_FGVC2025/data/rois/965_3756.png,/home/tahiti/MARINE_DATASETS/FathomNet_FGVC2025/data/images/965.png,e5da3ffa6a2e152002c469c68ca43235d5ab4330383e1a63cfe4d39b661feb98,aea9042f939d7d7fd719ba35c8ad1210b1ffa44c3ab6b43fc67e9cde9f40aff9,965,0,train
4037,1036,30,Hexactinellida,/home/tahiti/MARINE_DATASETS/FathomNet_FGVC2025/data/rois/1036_4037.png,/home/tahiti/MARINE_DATASETS/FathomNet_FGVC2025/data/images/1036.png,32ffde9231469afeb71d4a19da4b6e25b8a84bece62db2f02bb82b131192080b,59266b41be7ec22fd9365d97eaaf7f75bb4c13bafc273f3b965ee982bf19266b,1036,0,train
4094,1066,60,Porifera,/home/tahiti/MARINE_DATASETS/FathomNet_FGVC2025/data/rois/1066_4094.png,/home/tahiti/MARINE_DATASETS/FathomNet_FGVC2025/data/images/1066.png,211f569e9c722f0d207ef109851b065ec43384a2e6a54831d2d9a42bbe4440f6,658bf9886a91e1856c9f30380a6c8705a8142f5ad1b1fbe8e16e5b5ca69d0922,1066,6,train
4227,1110,65,Rathbunaster californicus,/home/tahiti/MARINE_DATASETS/FathomNet_FGVC2025/data/rois/1110_4227.png,/home/tahiti/MARINE_DATASETS/FathomNet_FGVC2025/data/images/1110.png,bed49de37cea15700eb8de740611ca9afedc863d7f5a37fab1bc53e377a0127b,6fa86adcd013e55e4902dfd3bd3894502c1267b87a317447183970c154b7656a,1110,2,train
4291,1121,5,Actiniaria,/home/tahiti/MARINE_DATASETS/FathomNet_FGVC2025/data/rois/1121_4291.png,/home/tahiti/MARINE_DATASETS/FathomNet_FGVC2025/data/images/1121.png,c33326c18adeeddb78e6d79670ed195d41ea8da3397c7782c4ba8071f9a9681b,77e1c139e07dc54fa42aa1cfafa878b80b5e0090c694f438c6493fa85ba9f6f8,1121,2,train
4348,1139,14,Caridea,/home/tahiti/MARINE_DATASETS/FathomNet_FGVC2025/data/rois/1139_4348.png,/home/tahiti/MARINE_DATASETS/FathomNet_FGVC2025/data/images/1139.png,cfcc0e841f88c7f4ec945020e4b553b452676f3a6dec6b5a54a757d4ee7ee732,4d061a7b31479935db85c369285dabb7d27aed5397fe8253f70f0b665fcb7434,1139,4,train
4356,1139,62,Psolus squamatus,/home/tahiti/MARINE_DATASETS/FathomNet_FGVC2025/data/rois/1139_4356.png,/home/tahiti/MARINE_DATASETS/FathomNet_FGVC2025/data/images/1139.png,dfd9d5888d064f43d61c84156048618f859ee69e5f82597da84b7dc1e704e4e1,4d061a7b31479935db85c369285dabb7d27aed5397fe8253f70f0b665fcb7434,1139,4,train
4395,1151,76,Tunicata,/home/tahiti/MARINE_DATASETS/FathomNet_FGVC2025/data/rois/1151_4395.png,/home/tahiti/MARINE_DATASETS/FathomNet_FGVC2025/data/images/1151.png,698d6415c356bad9c6f2570346bc33584afca0e2fcf1bd95624bd0e5b41fb2de,49438cdee67ed7add13b79f8bf642dd6c7f46ca45f9e4d18086bd2fc8ba64911,1151,2,train
4419,1159,67,Scotoplanes,/home/tahiti/MARINE_DATASETS/FathomNet_FGVC2025/data/rois/1159_4419.png,/home/tahiti/MARINE_DATASETS/FathomNet_FGVC2025/data/images/1159.png,48ba20b571c0b28baee5c4e86e2f97ab83afc651a94f11fc37e904559e1258c0,06404e393e44a3395ddd150131f338537cbf506d4dc68a5c51dd09b99e0a08db,1159,4,train
4439,1165,36,Isosicyonis,/home/tahiti/MARINE_DATASETS/FathomNet_FGVC2025/data/rois/1165_4439.png,/home/tahiti/MARINE_DATASETS/FathomNet_FGVC2025/data/images/1165.png,52ae5e49272df51c79609b3da70b3ed0469a96554a78aa9916dc6f3198ae380d,649d45ea4451ea5acf9d035085fe54313fdf3055a2b31dbbce644bd1e5e64fcb,1165,1,train
4641,1218,2,Acanthascinae,/home/tahiti/MARINE_DATASETS/FathomNet_FGVC2025/data/rois/1218_4641.png,/home/tahiti/MARINE_DATASETS/FathomNet_FGVC2025/data/images/1218.png,149f4c3844f00c96c37e2d165cec6652ed7789e11063d35ebb90554efb944530,d9e9a95111d78e22cd29b7272d1738fe2aa95291682fdef2d785fc6676554898,1218,1,train
4650,1222,11,Asteroidea,/home/tahiti/MARINE_DATASETS/FathomNet_FGVC2025/data/rois/1222_4650.png,/home/tahiti/MARINE_DATASETS/FathomNet_FGVC2025/data/images/1222.png,33602979480a92b1464f9abd2e7a4ea5344fd82a276c4bb73b3466bce09f095c,467285af04c98a34b380cdfd9064fb862f16700f7fd3518538fee0e172d076af,1222,0,train
4707,1234,5,Actiniaria,/home/tahiti/MARINE_DATASETS/FathomNet_FGVC2025/data/rois/1234_4707.png,/home/tahiti/MARINE_DATASETS/FathomNet_FGVC2025/data/images/1234.png,886d4bbf2a9d19f7e2de4da47d226472cd85a5923c860ac1edff96eb6a72d4f7,61d24aa043a8396149cd29656371ba463fbb7aaddcda0e74cb1f9d5210eb6931,1234,1,train
4717,1237,37,Keratoisis,/home/tahiti/MARINE_DATASETS/FathomNet_FGVC2025/data/rois/1237_4717.png,/home/tahiti/MARINE_DATASETS/FathomNet_FGVC2025/data/images/1237.png,fb221a163796ef979466af12fcea80b11160f1446c732fd1e00db160dc085470,f7a92124c9fa4fdd1273a9fc164a273b28977a75e80f31854f3936e3734154c7,1237,0,train
4910,1311,62,Psolus squamatus,/home/tahiti/MARINE_DATASETS/FathomNet_FGVC2025/data/rois/1311_4910.png,/home/tahiti/MARINE_DATASETS/FathomNet_FGVC2025/data/images/1311.png,7ca89f17c50447a6dce7f95330354196edf14f862f42d08e6f656b193ff06c77,064f01346b422978251171910e85164dc3cd2172b52f56ede52edfe3634d0f22,1311,4,train
5108,1366,11,Asteroidea,/home/tahiti/MARINE_DATASETS/FathomNet_FGVC2025/data/rois/1366_5108.png,/home/tahiti/MARINE_DATASETS/FathomNet_FGVC2025/data/images/1366.png,4e6a896a9397795431048a267e0789cae7120e79dda6b67785e1ef2eb1ec6a1d,b5c320656940a6f48b2a82b55042279905081ba1268bdb60d7b13e0768f44695,1366,1,train
5121,1370,69,Sebastes,/home/tahiti/MARINE_DATASETS/FathomNet_FGVC2025/data/rois/1370_5121.png,/home/tahiti/MARINE_DATASETS/FathomNet_FGVC2025/data/images/1370.png,f427e9b56eacf98c318a8da0ff00d7139a3e5c4864de0677bb2eeec8a717bcb2,000cbdb8b0d0f9be4d20f1ec8f82d64f46638bb9c948b9fe65d3f1b78a436d32,1370,0,train
5219,1389,41,Merluccius productus,/home/tahiti/MARINE_DATASETS/FathomNet_FGVC2025/data/rois/1389_5219.png,/home/tahiti/MARINE_DATASETS/FathomNet_FGVC2025/data/images/1389.png,f385eb4fba1d8b9006780667c293123e0641ec6ac0fd8069cbcf40820014a0dd,9502c45c463808a82e76a57c112e8ee0c125d3b6092ddce0a0a6140aad162010,1389,1,train
5234,1394,64,Pyrosoma atlanticum,/home/tahiti/MARINE_DATASETS/FathomNet_FGVC2025/data/rois/1394_5234.png,/home/tahiti/MARINE_DATASETS/FathomNet_FGVC2025/data/images/1394.png,5d473539ade96261d076b0272f0918df427e1e022a718e3f10c106d76b6185c4,30f2e6178b7a12628231dd383d89bd98d09966851d8380ef9664345b2b0ddfc8,1394,1,train
5459,1470,44,Munidopsis,/home/tahiti/MARINE_DATASETS/FathomNet_FGVC2025/data/rois/1470_5459.png,/home/tahiti/MARINE_DATASETS/FathomNet_FGVC2025/data/images/1470.png,16900f68a40b437efb47550d5cc197ce79deb2eea42dfffa5d15e79733135751,4a39054af7a34a6713f11e4675b179c36ddb86f7de244176590933404988d457,1470,2,train
5585,1513,30,Hexactinellida,/home/tahiti/MARINE_DATASETS/FathomNet_FGVC2025/data/rois/1513_5585.png,/home/tahiti/MARINE_DATASETS/FathomNet_FGVC2025/data/images/1513.png,87bfca68696dd9821cdcb4d8e0dfdb61538058a8a8c7c4dc6c204a504eb1e445,0f280483b25edfd9abee4743b07bcef3febbfa8c014db119267dc5626cae636b,1513,1,train
5644,1527,58,Peniagone,/home/tahiti/MARINE_DATASETS/FathomNet_FGVC2025/data/rois/1527_5644.png,/home/tahiti/MARINE_DATASETS/FathomNet_FGVC2025/data/images/1527.png,64e336e4dd24e825af96de5b6c3208b76e66225c6b50fc63f2f4411395fa03ff,61271c5bf18d81f53dc56c61aaa4a5d77606e24a058c75b386307d79f45171f8,1527,2,train
5969,1623,53,Pannychia moseleyi,/home/tahiti/MARINE_DATASETS/FathomNet_FGVC2025/data/rois/1623_5969.png,/home/tahiti/MARINE_DATASETS/FathomNet_FGVC2025/data/images/1623.png,4959dbfbc1c425a9e0b3de1af8a4c227acbaa93e06b3718af9c8c277fa663f9b,c41d95cda32d71166a816d836b35576cd44fd6bb77056b3d1cb13e94c8261e14,1623,2,train
5971,1624,58,Peniagone,/home/tahiti/MARINE_DATASETS/FathomNet_FGVC2025/data/rois/1624_5971.png,/home/tahiti/MARINE_DATASETS/FathomNet_FGVC2025/data/images/1624.png,eb74c342625212ab5e16c0afe8de706a45a2137ab87a9161d690ee434e743e7a,dcbfe03d9a416cecdc5fad7ba20114863920ecc32227e05708c4ee5418ad55b2,1624,6,train
6025,1644,76,Tunicata,/home/tahiti/MARINE_DATASETS/FathomNet_FGVC2025/data/rois/1644_6025.png,/home/tahiti/MARINE_DATASETS/FathomNet_FGVC2025/data/images/1644.png,132f0ed68702ddae09d8c77f434eb9ef0d99238174c962efd15d2ca4cc59410e,9a493d1e675e76820019d15fec0470017e5840ef842f7c6cb2fb13467e201cd5,1644,1,train
6041,1644,22,Farrea,/home/tahiti/MARINE_DATASETS/FathomNet_FGVC2025/data/rois/1644_6041.png,/home/tahiti/MARINE_DATASETS/FathomNet_FGVC2025/data/images/1644.png,3839e9d01ef67a584a3e582900a3f0d22dec83ce0d54cf610368b8f020578ec9,9a493d1e675e76820019d15fec0470017e5840ef842f7c6cb2fb13467e201cd5,1644,1,train
6074,1660,17,Chorilia longipes,/home/tahiti/MARINE_DATASETS/FathomNet_FGVC2025/data/rois/1660_6074.png,/home/tahiti/MARINE_DATASETS/FathomNet_FGVC2025/data/images/1660.png,c8ea3d02e7be0dae2727b0ed4994258d13bdb0b7df62b552015957d09a7b0aaf,eb83a2afdb1a2f282017b849baa6720880d0fed15a3b574155fa7ca3426a891e,1660,0,train
6093,1667,22,Farrea,/home/tahiti/MARINE_DATASETS/FathomNet_FGVC2025/data/rois/1667_6093.png,/home/tahiti/MARINE_DATASETS/FathomNet_FGVC2025/data/images/1667.png,f7cc0264031009ed741577018e7e5d9a3d7df171ff1859c3b0ace4a631406787,67ec6f6b449d35587c8dc472af65404b517813e6d8c0df881a1ef04759036219,1667,4,train
6102,1667,71,Sebastolobus,/home/tahiti/MARINE_DATASETS/FathomNet_FGVC2025/data/rois/1667_6102.png,/home/tahiti/MARINE_DATASETS/FathomNet_FGVC2025/data/images/1667.png,5488ccc6b0d22ab96cff2b45bbdf808caf8989416d4302294e0433857c85248f,67ec6f6b449d35587c8dc472af65404b517813e6d8c0df881a1ef04759036219,1667,4,train
6299,1745,53,Pannychia moseleyi,/home/tahiti/MARINE_DATASETS/FathomNet_FGVC2025/data/rois/1745_6299.png,/home/tahiti/MARINE_DATASETS/FathomNet_FGVC2025/data/images/1745.png,21b5aae7c4f243c0de4227b7e0bb8fee9f31662f0110ca6777a861953ebd6b10,293fff08716e941c104e9ff477cfe77483491b8a53419cae4ab0e365813a1b38,1745,2,train
6332,1752,53,Pannychia moseleyi,/home/tahiti/MARINE_DATASETS/FathomNet_FGVC2025/data/rois/1752_6332.png,/home/tahiti/MARINE_DATASETS/FathomNet_FGVC2025/data/images/1752.png,751c407706c61036d116eb94a45415e49ae9dd5cf65890288b6ea1b67b703ecb,756c8e2d6a68a384e0778d43105782be0b81cb921b62e0a3e2b4acae68aaaac7,1752,6,train
6369,1768,71,Sebastolobus,/home/tahiti/MARINE_DATASETS/FathomNet_FGVC2025/data/rois/1768_6369.png,/home/tahiti/MARINE_DATASETS/FathomNet_FGVC2025/data/images/1768.png,70269b6463a3ede150ee45e8b9e4b08e85620b0b9dd94c0c053936672698e1bb,0c8a6aaf27e760a0200bd8a759ef33e687e40bac19cee004ac0a01af97a96e2a,1768,4,train
6385,1773,16,Chionoecetes tanneri,/home/tahiti/MARINE_DATASETS/FathomNet_FGVC2025/data/rois/1773_6385.png,/home/tahiti/MARINE_DATASETS/FathomNet_FGVC2025/data/images/1773.png,004256c6e2c1c542c36ca338cac5dfa4eb0a744669c72effb8c2d455cec14072,5117fff4331a035d97d247d5197b5bae75bc456c094336566449d8f9a91a65bd,1773,6,train
6581,1816,24,Funiculina,/home/tahiti/MARINE_DATASETS/FathomNet_FGVC2025/data/rois/1816_6581.png,/home/tahiti/MARINE_DATASETS/FathomNet_FGVC2025/data/images/1816.png,f57d439f288c129db9c828fbccb2bb049a76df310225e6ccf7d4c60046ce931d,03a2d0519ed6b865467d581d084b1e6a99ff0641d5584da845ae2a6227783303,1816,6,train
6733,1876,37,Keratoisis,/home/tahiti/MARINE_DATASETS/FathomNet_FGVC2025/data/rois/1876_6733.png,/home/tahiti/MARINE_DATASETS/FathomNet_FGVC2025/data/images/1876.png,7827836493cc502848a455f50c361e732894bf7989c1e87cf3bcddadb243be2b,74343eb1f45807527c77cfbf3057d643c8e716489674fefb006a9a98b78893e4,1876,0,train
6997,1962,17,Chorilia longipes,/home/tahiti/MARINE_DATASETS/FathomNet_FGVC2025/data/rois/1962_6997.png,/home/tahiti/MARINE_DATASETS/FathomNet_FGVC2025/data/images/1962.png,695c7dea8273e06f3a98fefffd12ea53a5cd771de47774ea1ba47a56964eec35,5f71cad76e38563d51614c5458ab25f80ddf0664e36833ebbf419805f1abc1bf,1962,6,train
7005,1962,73,Staurocalyptus,/home/tahiti/MARINE_DATASETS/FathomNet_FGVC2025/data/rois/1962_7005.png,/home/tahiti/MARINE_DATASETS/FathomNet_FGVC2025/data/images/1962.png,3c0ac837c4e83be89f38ce9eadd7fda10afed49d0e9cc1304b5c5a9b9df616c8,5f71cad76e38563d51614c5458ab25f80ddf0664e36833ebbf419805f1abc1bf,1962,6,train
7028,1967,45,Munnopsidae,/home/tahiti/MARINE_DATASETS/FathomNet_FGVC2025/data/rois/1967_7028.png,/home/tahiti/MARINE_DATASETS/FathomNet_FGVC2025/data/images/1967.png,84091c2c240a9a0a3aa237b843df217738800fd0bbef51ad9d0515d6151a92fc,166bda3fa8d036a31d574b345ecd4fdaf0d2731e8c758a781ae4891534a02eec,1967,0,train
7128,1985,34,Isidella tentaculum,/home/tahiti/MARINE_DATASETS/FathomNet_FGVC2025/data/rois/1985_7128.png,/home/tahiti/MARINE_DATASETS/FathomNet_FGVC2025/data/images/1985.png,77a905210bb5779c2f5fc1248e575948fb3790cb74c16588b49487064e2a12d7,6f56e7f3a38313a71a3b95b8ff781990ae107ec25ba8f5fafb6234b66fa43613,1985,6,train
7315,2066,11,Asteroidea,/home/tahiti/MARINE_DATASETS/FathomNet_FGVC2025/data/rois/2066_7315.png,/home/tahiti/MARINE_DATASETS/FathomNet_FGVC2025/data/images/2066.png,ba7f9184854f39b5ddd5dff75d9fcb9ec66819e33d6099a460943babf333d017,d920acb125ae928dcdd52106af9fb364a65540c9f94d1214f64ae963cdb633c0,2066,6,train
7355,2077,22,Farrea,/home/tahiti/MARINE_DATASETS/FathomNet_FGVC2025/data/rois/2077_7355.png,/home/tahiti/MARINE_DATASETS/FathomNet_FGVC2025/data/images/2077.png,85414c8c7fe7b477c76c4b12ed4268ad2a950ae35d07ed92e6d7cbf37870e98d,e848a943cc8903317dd2522853b5c2da0cc4a3fbff7c2e7c0bea7248982b06d0,2077,6,train
7635,2179,35,Isididae,/home/tahiti/MARINE_DATASETS/FathomNet_FGVC2025/data/rois/2179_7635.png,/home/tahiti/MARINE_DATASETS/FathomNet_FGVC2025/data/images/2179.png,c31cd6c5aeec3ff584b7261c805de7ca974029d0e13446ff69bda3796134bf55,f6ae4161404463610652276829f7cfe0f50a35745af736400355bc0a71cfffb3,2179,6,train
7686,2197,56,Paralomis multispina,/home/tahiti/MARINE_DATASETS/FathomNet_FGVC2025/data/rois/2197_7686.png,/home/tahiti/MARINE_DATASETS/FathomNet_FGVC2025/data/images/2197.png,499acf5012fb535e887fab85eb712c3e01e2f8f7d48d3516a440659de7fc037b,7a13c4535cd1eb2f88c6be3c1c970407dd1efd85d52ef3b54523e1843b2cd0fe,2197,6,train
7904,2290,55,Paragorgia arborea,/home/tahiti/MARINE_DATASETS/FathomNet_FGVC2025/data/rois/2290_7904.png,/home/tahiti/MARINE_DATASETS/FathomNet_FGVC2025/data/images/2290.png,3338132dc39aaa2ecd1e846d576e4649a839d7cc4f62540aed803eb445cf3693,a48bcf2c44ea17adf72a01bed019e8fdf81399ee9eb4129488a693f220d79764,2290,4,train
8318,2435,16,Chionoecetes tanneri,/home/tahiti/MARINE_DATASETS/FathomNet_FGVC2025/data/rois/2435_8318.png,/home/tahiti/MARINE_DATASETS/FathomNet_FGVC2025/data/images/2435.png,b3a9542be5f7b08d81e6c0a3f55c186a9ff48257718f06db50351dd102fa06e3,285b81bc2386cb4a6b50785e629ad2eb5be7adba866894d998031635a1ef555c,2435,0,train
8444,2457,65,Rathbunaster californicus,/home/tahiti/MARINE_DATASETS/FathomNet_FGVC2025/data/rois/2457_8444.png,/home/tahiti/MARINE_DATASETS/FathomNet_FGVC2025/data/images/2457.png,e612436a0b3da39f014f8b28e2762b6e98d61adace590f53f4d18133a9549a6b,8ac486e5ca698dfae9824b27fc7307fcfcd50e090365df65ac8224b5e0d678d3,2457,6,train
8465,2460,31,Hippasteria,/home/tahiti/MARINE_DATASETS/FathomNet_FGVC2025/data/rois/2460_8465.png,/home/tahiti/MARINE_DATASETS/FathomNet_FGVC2025/data/images/2460.png,787df926826868c9031b9abb9eaaf901ae38eb5bfdd478b55659a40957d5f9bb,9e248c0084772fdc6804cfce501ce2d70f33fb5ee9d6070cb71199e171daac9e,2460,6,train
8595,2522,41,Merluccius productus,/home/tahiti/MARINE_DATASETS/FathomNet_FGVC2025/data/rois/2522_8595.png,/home/tahiti/MARINE_DATASETS/FathomNet_FGVC2025/data/images/2522.png,b3c81acbe4c0f86cc018351920b6277dc23485bd367e093a55ae34d636465ba2,1243ff1631d46988290b313b2fc75c56d593ac97a1adbcd915dd6536c84fab05,2522,0,train
8683,2561,42,Metridium farcimen,/home/tahiti/MARINE_DATASETS/FathomNet_FGVC2025/data/rois/2561_8683.png,/home/tahiti/MARINE_DATASETS/FathomNet_FGVC2025/data/images/2561.png,00dd6d05582a98ee68def8b125a86e34bd3daa7e62f0cdeabc5207baec1cd474,ac04a2a57d3ee31f15e4054938b929f710055d8455365657912d80e07988a2b9,2561,4,train
8936,2613,69,Sebastes,/home/tahiti/MARINE_DATASETS/FathomNet_FGVC2025/data/rois/2613_8936.png,/home/tahiti/MARINE_DATASETS/FathomNet_FGVC2025/data/images/2613.png,3813c485804844c9ddc04fba7c1c330cdb797690875c7772a1613125193e406c,c8b633bef7b49361fb39ecceb2e5779a5bd1b4b1e852b63e0434b859fe3e7b3b,2613,4,train
8947,2616,4,Actinernus,/home/tahiti/MARINE_DATASETS/FathomNet_FGVC2025/data/rois/2616_8947.png,/home/tahiti/MARINE_DATASETS/FathomNet_FGVC2025/data/images/2616.png,2186934c7fde0b0de2ecdba804d39506aa9b3441a3eb67543e395d6299435fc3,855b31f1aac0c8d83ed91d43d95ee4ec8a36fbb030bee28da3a92464e32c5508,2616,6,train
9011,2642,48,Ophiacanthidae,/home/tahiti/MARINE_DATASETS/FathomNet_FGVC2025/data/rois/2642_9011.png,/home/tahiti/MARINE_DATASETS/FathomNet_FGVC2025/data/images/2642.png,3cbb6459d5c2d80a5fffe4fa34342d2e4187ed885595b2ff28e30500b87590ed,ea16a493bf9a573e95ad0e6cbda4e0a059eb2cd823f03ac77a7fd0566b33728f,2642,4,train
9145,2699,76,Tunicata,/home/tahiti/MARINE_DATASETS/FathomNet_FGVC2025/data/rois/2699_9145.png,/home/tahiti/MARINE_DATASETS/FathomNet_FGVC2025/data/images/2699.png,43101a4784b9d5d6db71ed6ac9c56ac9700a4a0a0c13f886deade803854bcfe9,ceccc3d99b04123bede6b1d13ef0a305366236768a1022de04bf0ba756dd3328,2699,6,train
9233,2726,79,Zoantharia,/home/tahiti/MARINE_DATASETS/FathomNet_FGVC2025/data/rois/2726_9233.png,/home/tahiti/MARINE_DATASETS/FathomNet_FGVC2025/data/images/2726.png,7052e91ac80bed7b8b34471ac15e10e3b263eeaa7caca3ccedbe09c759e361b0,e9758e66ec59a8c3a0738e98e2693381416d8170435966ce129987508db1bc22,2726,0,train
9357,2771,72,Serpulidae,/home/tahiti/MARINE_DATASETS/FathomNet_FGVC2025/data/rois/2771_9357.png,/home/tahiti/MARINE_DATASETS/FathomNet_FGVC2025/data/images/2771.png,e656856dfc60e578111e3a981460360fd919b8d09e45f9675e580cbc487eeb72,2b17cb4245d81be3217b2c44ac0313672feec4c463d027d6dbb9aba2b70989c3,2771,0,train
9602,2880,28,Heterochone calyx,/home/tahiti/MARINE_DATASETS/FathomNet_FGVC2025/data/rois/2880_9602.png,/home/tahiti/MARINE_DATASETS/FathomNet_FGVC2025/data/images/2880.png,bf37a90b5a4fc6c7e632685cb201e46db31a38c07e3e75222caefe53627765c0,a415d639a96e7b39feb6f4ce1c7c105e56c25766e35af730285f249bc8d66d60,2880,0,train
9729,2929,4,Actinernus,/home/tahiti/MARINE_DATASETS/FathomNet_FGVC2025/data/rois/2929_9729.png,/home/tahiti/MARINE_DATASETS/FathomNet_FGVC2025/data/images/2929.png,c6d0930b6a849ee76c9fc58d6ba85640a05acd052319af352a16b2c8c3eaae07,3c3bc6a5bca8f1d66f2b3372e07192da74c02a6e5bf7750045a22ec3535c9874,2929,6,train
9791,2938,19,Crinoidea,/home/tahiti/MARINE_DATASETS/FathomNet_FGVC2025/data/rois/2938_9791.png,/home/tahiti/MARINE_DATASETS/FathomNet_FGVC2025/data/images/2938.png,27bc862b71a25d5a526b109c8ea7ba4405deecd8f9f550363df75d1dd651891a,e42a70e308c789c971a1a71ef5c4861af798a193eacb7a502c1f2c1206e37618,2938,1,train
9807,2942,55,Paragorgia arborea,/home/tahiti/MARINE_DATASETS/FathomNet_FGVC2025/data/rois/2942_9807.png,/home/tahiti/MARINE_DATASETS/FathomNet_FGVC2025/data/images/2942.png,e0b64f441b4458dc6ae7c7928eaa3b4457a401edf36918a820e4b37a4b2405a5,f13a7017e45077747b631a7b2a8938b280450b84c5a898a5eff2de64ae988d89,2942,6,train
9841,2946,24,Funiculina,/home/tahiti/MARINE_DATASETS/FathomNet_FGVC2025/data/rois/2946_9841.png,/home/tahiti/MARINE_DATASETS/FathomNet_FGVC2025/data/images/2946.png,2de6807fb0f87334c2d5dabc817f3ef8af22e226a91237d3255be3d4df8a1957,ecbbbac399c5e05c8aa9c1e72f8cf9c9ba1868fb18eb38c5422379ef025f60e1,2946,4,train
9985,2977,77,Umbellula,/home/tahiti/MARINE_DATASETS/FathomNet_FGVC2025/data/rois/2977_9985.png,/home/tahiti/MARINE_DATASETS/FathomNet_FGVC2025/data/images/2977.png,c1623bf5556f2bead15a3712c7712bdc7e9b7151edf37049c2037548168ab732,a6f25187d683d8dcc1ed3bfd4a66b514ec233138b25e3f54956ed1c5dae1311f,2977,0,train
10113,3008,12,Benthocodon pedunculata,/home/tahiti/MARINE_DATASETS/FathomNet_FGVC2025/data/rois/3008_10113.png,/home/tahiti/MARINE_DATASETS/FathomNet_FGVC2025/data/images/3008.png,c0ac92b87dfb80a3a35ee6fc2eb7ab0880c146af281c2d9b7c5492da381227fb,e84d29af49aa7ccbd29bc89959b9b41d122e57645c128b2f204caaa580a981dd,3008,2,train
10175,3035,27,Heterocarpus,/home/tahiti/MARINE_DATASETS/FathomNet_FGVC2025/data/rois/3035_10175.png,/home/tahiti/MARINE_DATASETS/FathomNet_FGVC2025/data/images/3035.png,26b5f612833d009679611aefbfa45f761790a5e71fbf0e9aeaf1ea37fd769836,f00ade101a10bc78cf025f33722b47f4a766adad1dfa10d2a3cc1db415f22de4,3035,1,train
10227,3044,72,Serpulidae,/home/tahiti/MARINE_DATASETS/FathomNet_FGVC2025/data/rois/3044_10227.png,/home/tahiti/MARINE_DATASETS/FathomNet_FGVC2025/data/images/3044.png,f41f5323a50b6c270ae818512a98a20d91cdf05bc1cbe4ae2e74a85971c2f28a,25d4b273853803197af57517857df938fe35f598b1a47f9b4210a17e506b52df,3044,0,train
10334,3073,32,Holothuroidea,/home/tahiti/MARINE_DATASETS/FathomNet_FGVC2025/data/rois/3073_10334.png,/home/tahiti/MARINE_DATASETS/FathomNet_FGVC2025/data/images/3073.png,a2b94496496e0660c2e047427bfce3a94abce4cc6ae71b956c26046ef4444364,680ae651bd76e6751ea99449106125de1fadef2ed38c7f97bff297b71f5f8e95,3073,6,train
10392,3097,29,Heteropolypus ritteri,/home/tahiti/MARINE_DATASETS/FathomNet_FGVC2025/data/rois/3097_10392.png,/home/tahiti/MARINE_DATASETS/FathomNet_FGVC2025/data/images/3097.png,11f7d0ae1659386c3630bc199d8468a7c3554341e845225b7b48d207e3a3d292,c1d747e83f975384aba5482cc54b2454e95623a3b44296c31e6e6649b8bb287c,3097,6,train
10535,3170,25,Gastropoda,/home/tahiti/MARINE_DATASETS/FathomNet_FGVC2025/data/rois/3170_10535.png,/home/tahiti/MARINE_DATASETS/FathomNet_FGVC2025/data/images/3170.png,70162c711abba9866d3018cddc8ba82ccbdd2eb149d4e4023f3ffbf2ef475b6f,9e25bc05f32873e86befa5f8d3f68906d1281f6f9730d23accc5bdfbd068d823,3170,0,train
10685,3227,30,Hexactinellida,/home/tahiti/MARINE_DATASETS/FathomNet_FGVC2025/data/rois/3227_10685.png,/home/tahiti/MARINE_DATASETS/FathomNet_FGVC2025/data/images/3227.png,c54d1e5a2deec1ca3d5fd2bdf8161a2d744a3402d685ec6213d16082f27d6b2c,d884f924f0743d4367121052c7a9eee1cea57194cb621bcd38e4b155d47f28bd,3227,0,train
10910,3326,18,Corallimorphus pilatus,/home/tahiti/MARINE_DATASETS/FathomNet_FGVC2025/data/rois/3326_10910.png,/home/tahiti/MARINE_DATASETS/FathomNet_FGVC2025/data/images/3326.png,b3b91b86df0c2e6a2663952c591a103427666401be495bc67d3b53fcbde5269b,17addc7c7b672e4989d04ea423c2aabc4897863b4a5b3afc39b1b49ab7bea615,3326,2,train
10915,3330,68,Scotoplanes globosa,/home/tahiti/MARINE_DATASETS/FathomNet_FGVC2025/data/rois/3330_10915.png,/home/tahiti/MARINE_DATASETS/FathomNet_FGVC2025/data/images/3330.png,2c2fff5025b2a70f871b0ee3e9819d6a46e83a16be61dfc76ecc0db8d0427bec,e6d35f8e356370ba2de0b2824401f160f841dd2917b62cbb879cd0ba6120be84,3330,6,train
11154,3431,19,Crinoidea,/home/tahiti/MARINE_DATASETS/FathomNet_FGVC2025/data/rois/3431_11154.png,/home/tahiti/MARINE_DATASETS/FathomNet_FGVC2025/data/images/3431.png,5aa9fd86ea1395c04960a4542d0d0236d97283817213a2d6e4857bc5bc6855f4,c6a3369fe2829b29647ba1b62d43252670e64dc33d60f183e195798eaed94594,3431,0,train
11345,3481,47,Octopus rubescens,/home/tahiti/MARINE_DATASETS/FathomNet_FGVC2025/data/rois/3481_11345.png,/home/tahiti/MARINE_DATASETS/FathomNet_FGVC2025/data/images/3481.png,741e964e5d1c00f6e1f791b82074afc28b71e7c7e47efe0a219f963ae3920d0d,1ccb0851c431c4281abcbc41babbcc43b340d4953fb71d95a90fa68e15c58169,3481,1,train
11394,3495,68,Scotoplanes globosa,/home/tahiti/MARINE_DATASETS/FathomNet_FGVC2025/data/rois/3495_11394.png,/home/tahiti/MARINE_DATASETS/FathomNet_FGVC2025/data/images/3495.png,2595de5df062b982537857228a7c4d235c1d444af7839e3a7fa6863ce29419d9,449be44846bc1fd1a5f4fd0feea50940c45e8fed8ca6bfeb7816ab39aebde391,3495,6,train
11538,3572,67,Scotoplanes,/home/tahiti/MARINE_DATASETS/FathomNet_FGVC2025/data/rois/3572_11538.png,/home/tahiti/MARINE_DATASETS/FathomNet_FGVC2025/data/images/3572.png,b38c98225625aa9204640e41bc93c7f6f23ed08ed052d458eb9c52251e081cd8,6ec65ab1be939abd2ac83a7d123d018bdaed4a7e9c3694600f35318d2218a67c,3572,0,train
11579,3593,36,Isosicyonis,/home/tahiti/MARINE_DATASETS/FathomNet_FGVC2025/data/rois/3593_11579.png,/home/tahiti/MARINE_DATASETS/FathomNet_FGVC2025/data/images/3593.png,fb464f16da38a5c87631e6167df095fe84fb45d53d84ffcaaf678b222818019d,9d1650412d12af5bdbfaad7a0d8c68972c72cd65ea4211bb26251f4d58307529,3593,0,train
12084,3806,12,Benthocodon pedunculata,/home/tahiti/MARINE_DATASETS/FathomNet_FGVC2025/data/rois/3806_12084.png,/home/tahiti/MARINE_DATASETS/FathomNet_FGVC2025/data/images/3806.png,d1f0536ec12785a4f3623b806015d685cd08e4fd31e12e71e6141b6e7ec961a2,2161ceeba9ea2cec82d9e52af15401247e56322c59315c91796d17a451fe1616,3806,4,train
12109,3822,46,Mycale,/home/tahiti/MARINE_DATASETS/FathomNet_FGVC2025/data/rois/3822_12109.png,/home/tahiti/MARINE_DATASETS/FathomNet_FGVC2025/data/images/3822.png,bd5ff64290134d4caedd68e355eddc26cf13c71781edc09e7c04ff3b7a63cf8b,12ba8c04296fd750f1d7fa377d4992a13ca8de73397a30dab0212481a99c8f9f,3822,2,train
12329,3889,47,Octopus rubescens,/home/tahiti/MARINE_DATASETS/FathomNet_FGVC2025/data/rois/3889_12329.png,/home/tahiti/MARINE_DATASETS/FathomNet_FGVC2025/data/images/3889.png,87705698209f174286c0ae58b60fd330a2b5660a82a3a02b2b42fd8e2e016e9d,96e64e45cc3bef6aa944be76a0c1fbe3e6f97606848724375484d72733b2fd98,3889,2,train
12458,3934,51,Pandalus amplus,/home/tahiti/MARINE_DATASETS/FathomNet_FGVC2025/data/rois/3934_12458.png,/home/tahiti/MARINE_DATASETS/FathomNet_FGVC2025/data/images/3934.png,d83b72a460838ffb3b9f1a6f90614354c588bab586320cd3fb93100273ee320a,368d6ca82c04041377636fce8d17d197c70b5a5bf5325e1db7cff79fd4153286,3934,1,train
12593,3981,47,Octopus rubescens,/home/tahiti/MARINE_DATASETS/FathomNet_FGVC2025/data/rois/3981_12593.png,/home/tahiti/MARINE_DATASETS/FathomNet_FGVC2025/data/images/3981.png,1343a507a4d3a2ae30c69175c7683113eecb0597d308f308fd987801d2ee4908,664f70caabe0d23f7ffe96b9f13d93f3362c2e01b1d7446280af2871c51de855,3981,6,train
12614,3990,64,Pyrosoma atlanticum,/home/tahiti/MARINE_DATASETS/FathomNet_FGVC2025/data/rois/3990_12614.png,/home/tahiti/MARINE_DATASETS/FathomNet_FGVC2025/data/images/3990.png,16ae1b6fbdd33e4a6eddbc68722eef9c9f709088085662fc0335368db9147cc5,073da615560b87d7640366203fce7cc1ed1360efd78c3765251a4a24497a8b62,3990,2,train
12666,4017,45,Munnopsidae,/home/tahiti/MARINE_DATASETS/FathomNet_FGVC2025/data/rois/4017_12666.png,/home/tahiti/MARINE_DATASETS/FathomNet_FGVC2025/data/images/4017.png,e175c4e5f07569cd04bad25b2485f9eafc739aba32e72fbfbbfe6ae4df467488,79e7d614483b383c1869d6d7caf2e174c4e6c2e5f5a2170e9dde5df653463570,4017,2,train
12713,4037,54,Paragorgia,/home/tahiti/MARINE_DATASETS/FathomNet_FGVC2025/data/rois/4037_12713.png,/home/tahiti/MARINE_DATASETS/FathomNet_FGVC2025/data/images/4037.png,85ed9f14b04d7c9817699b63927dcf7faf9dc91c1f8d2d43e7edcd27fc6e4f2a,2d1a94913e7808e0662c656e34fdc89fc949fa7497f9aff562c3b56a96c144a2,4037,1,train
13048,4180,19,Crinoidea,/home/tahiti/MARINE_DATASETS/FathomNet_FGVC2025/data/rois/4180_13048.png,/home/tahiti/MARINE_DATASETS/FathomNet_FGVC2025/data/images/4180.png,8c2b8d37ad3fe770b6cddc198a7507d6c81adc2b8e774b35b6c6f3a2e2ba4295,9fcf39e7ef18a0b5058c983e90278ce981d8b101d08650d421d9c2cdc2996c2e,4180,0,train
13138,4215,40,Mediaster aequalis,/home/tahiti/MARINE_DATASETS/FathomNet_FGVC2025/data/rois/4215_13138.png,/home/tahiti/MARINE_DATASETS/FathomNet_FGVC2025/data/images/4215.png,973a8925d4710b162a052f67f01cbb1d558abcc6e0798ef2e15dde5735bc296a,b13d668a1726364714ee22ff429521608bc0a70a0d8db2ba3ca08efd87f5a739,4215,2,train
13275,4254,50,Paelopatides confundens,/home/tahiti/MARINE_DATASETS/FathomNet_FGVC2025/data/rois/4254_13275.png,/home/tahiti/MARINE_DATASETS/FathomNet_FGVC2025/data/images/4254.png,8a890a0c6319dd0b7c19916ababff6b3c783acbd9737e75b0a4b32d39b2fa5b1,7937fdff1f92afb5617ece0e2438c7949078e8e72cb01ff12a35e141ad8bd4d1,4254,2,train
13303,4263,38,Liponema brevicorne,/home/tahiti/MARINE_DATASETS/FathomNet_FGVC2025/data/rois/4263_13303.png,/home/tahiti/MARINE_DATASETS/FathomNet_FGVC2025/data/images/4263.png,6caa60c6e5807d6a3d2e9bc1a514caead81aabc58d3974c5e06bc3ae5a11c5ba,3520fb42159accc97ded0b03940dfe578087f8a5b6eba817595e16b43f3e887c,4263,2,train
13483,4344,26,Gersemia juliepackardae,/home/tahiti/MARINE_DATASETS/FathomNet_FGVC2025/data/rois/4344_13483.png,/home/tahiti/MARINE_DATASETS/FathomNet_FGVC2025/data/images/4344.png,05e65941a58d44c381a54056b4ead4347621de948d67d9721cb52c7e8cb3af81,ec530f1a3ae7163f073dce4a77b785d3dfe1bd767d9c81c93aec5ef21838db9d,4344,1,train
13506,4351,63,Ptychogastria polaris,/home/tahiti/MARINE_DATASETS/FathomNet_FGVC2025/data/rois/4351_13506.png,/home/tahiti/MARINE_DATASETS/FathomNet_FGVC2025/data/images/4351.png,7aca94ded08fab28d868968249a76f7137f59bd202ce1df61a6267a31df3ef9f,e1951483b15cb71d2c11031027270456bdc7cd2602dd41c57084851d9f36dbce,4351,1,train
13563,4371,51,Pandalus amplus,/home/tahiti/MARINE_DATASETS/FathomNet_FGVC2025/data/rois/4371_13563.png,/home/tahiti/MARINE_DATASETS/FathomNet_FGVC2025/data/images/4371.png,54e583754c928bc1b866e0035c805f3e1a6a0c44c14a134408c860826d456eba,e7ab79d0eb1d1dbe649e11064e70df91632d084d4af681a75bd07cb9a2dd3627,4371,6,train
13869,4496,29,Heteropolypus ritteri,/home/tahiti/MARINE_DATASETS/FathomNet_FGVC2025/data/rois/4496_13869.png,/home/tahiti/MARINE_DATASETS/FathomNet_FGVC2025/data/images/4496.png,9d5ee0f4a54235457ace296f45985e0f2dd14c72dd4d5cbb43d2b15e671df770,90ccbf6998d33dd69ecb2453ad4b3d9c4fb74b3cbdcaa2433ecb28ec6ef981e8,4496,1,train
13898,4509,51,Pandalus amplus,/home/tahiti/MARINE_DATASETS/FathomNet_FGVC2025/data/rois/4509_13898.png,/home/tahiti/MARINE_DATASETS/FathomNet_FGVC2025/data/images/4509.png,12a47bce303172420c823def7b3732df7e36eda160be9cc1d37a6059e7b91bb0,cfda69feb64fd05fe9bc9b06545994c63a004c734b256624c58c0aea5ccad2e8,4509,4,train
13913,4516,21,Elpidia,/home/tahiti/MARINE_DATASETS/FathomNet_FGVC2025/data/rois/4516_13913.png,/home/tahiti/MARINE_DATASETS/FathomNet_FGVC2025/data/images/4516.png,f3ce724e26a721e8015d7c09d2c81a02faee60540c771bdbf21abd533c7f3701,50c2ebc4bac2766257f68fa5bf8bf916d41979453ade8970bb9fa6a29cf820a0,4516,1,train
13923,4521,36,Isosicyonis,/home/tahiti/MARINE_DATASETS/FathomNet_FGVC2025/data/rois/4521_13923.png,/home/tahiti/MARINE_DATASETS/FathomNet_FGVC2025/data/images/4521.png,699b639d90626df6a618e0969920f2d1da078008a69b646f0dfef558783c2bc8,954af3b2f4f1a2a02cd6408183ea94f5776e08b29067faf7f2ac24fb08faa736,4521,1,train
13973,4537,50,Paelopatides confundens,/home/tahiti/MARINE_DATASETS/FathomNet_FGVC2025/data/rois/4537_13973.png,/home/tahiti/MARINE_DATASETS/FathomNet_FGVC2025/data/images/4537.png,c5722bd19f831f413c632cbf9198498fee1ccaf9fed226981624a432734b14d8,e274f6464195e13561cb494e932526ed59b5905ddfc2b13edc71d4ea2dcf17d6,4537,6,train
13991,4544,18,Corallimorphus pilatus,/home/tahiti/MARINE_DATASETS/FathomNet_FGVC2025/data/rois/4544_13991.png,/home/tahiti/MARINE_DATASETS/FathomNet_FGVC2025/data/images/4544.png,8249311f2b02bf31537e3789393f26e3159020502e9ad9cc012e353b96c19c39,7631ae8d186c514ff37eeb625e87513f08af622b6d2a86860e6284798e6094c7,4544,4,train
14099,4578,38,Liponema brevicorne,/home/tahiti/MARINE_DATASETS/FathomNet_FGVC2025/data/rois/4578_14099.png,/home/tahiti/MARINE_DATASETS/FathomNet_FGVC2025/data/images/4578.png,6c0e4998a68e45221e53ee1efc9aff15dd20aaf4a94258adeb18a0b3842f6e8a,e0cc77d78bda06c0277619fa56d19f360deb6fb47f85f37ee7001374dbb88ff6,4578,1,train
14115,4587,25,Gastropoda,/home/tahiti/MARINE_DATASETS/FathomNet_FGVC2025/data/rois/4587_14115.png,/home/tahiti/MARINE_DATASETS/FathomNet_FGVC2025/data/images/4587.png,d1690976a05c450bf04f2de8e1b8815a7c2f0c4f15c8f60f0f1cc324f49f1ede,2a67fa48996e76aaa0c1cbb41fa2800bd1261f503b47ba9257532e8601c659dd,4587,6,train
14124,4588,33,Hormathiidae,/home/tahiti/MARINE_DATASETS/FathomNet_FGVC2025/data/rois/4588_14124.png,/home/tahiti/MARINE_DATASETS/FathomNet_FGVC2025/data/images/4588.png,8c38ef1dad6fa98c11947c572977ca79c94b97afc859a38523eaddeb20101203,80036f860d3c7fb75ca6e9b90ca40b01657a45cb450d09e19cc3e19c7f0ba079,4588,0,train
14261,4640,78,Vesicomyidae,/home/tahiti/MARINE_DATASETS/FathomNet_FGVC2025/data/rois/4640_14261.png,/home/tahiti/MARINE_DATASETS/FathomNet_FGVC2025/data/images/4640.png,fd34c40063c0bb532dd0424ea557cc1d767671d438a27ddb76cd480265ff6d08,1915f0377288d4ac07bb5e5663f6694c8783054f23cbaa16f83ed31eaeb94eae,4640,0,train
14266,4643,23,Florometra serratissima,/home/tahiti/MARINE_DATASETS/FathomNet_FGVC2025/data/rois/4643_14266.png,/home/tahiti/MARINE_DATASETS/FathomNet_FGVC2025/data/images/4643.png,85961a9ae4c20cce924e19fe271529b270a0b86dcaaffb072cee9e06acf97e7e,1d67df976eb3e4e268859939d8c84bb412136047af116d4b84dca11ad7221040,4643,4,train
14397,4689,77,Umbellula,/home/tahiti/MARINE_DATASETS/FathomNet_FGVC2025/data/rois/4689_14397.png,/home/tahiti/MARINE_DATASETS/FathomNet_FGVC2025/data/images/4689.png,e7d406b2473872d5c78eacb75944604da9058ec345f1f0fc4828124a97213bee,3ff72490f296c8fd85424628ed296394aff2c5e696864d4eca9b621c4067cfb7,4689,4,train
14420,4700,14,Caridea,/home/tahiti/MARINE_DATASETS/FathomNet_FGVC2025/data/rois/4700_14420.png,/home/tahiti/MARINE_DATASETS/FathomNet_FGVC2025/data/images/4700.png,3ce65da200ca6a6440ebf7d32bde4ba785b3d1f1e80e8b2ebd074ff5229306c1,cb140714a1a994d8a5e19376cefea45a8f18279dfa2df6d7695ac8e72671a965,4700,0,train
14609,4787,56,Paralomis multispina,/home/tahiti/MARINE_DATASETS/FathomNet_FGVC2025/data/rois/4787_14609.png,/home/tahiti/MARINE_DATASETS/FathomNet_FGVC2025/data/images/4787.png,5e75421ca01043bd91666b8b425fa43fdcae1d3e911e43969b2cf12123eb5ca4,6da63df11e99e1cc969886f557a7d5f327813cfbcce3abc4e4e654bc27c9e98c,4787,0,train
14620,4787,56,Paralomis multispina,/home/tahiti/MARINE_DATASETS/FathomNet_FGVC2025/data/rois/4787_14620.png,/home/tahiti/MARINE_DATASETS/FathomNet_FGVC2025/data/images/4787.png,be9a5fe56e1e2a6b6ed88c672d6f0097a1391cebadc71c28cf30e81783cdef8a,6da63df11e99e1cc969886f557a7d5f327813cfbcce3abc4e4e654bc27c9e98c,4787,0,train
14786,4856,42,Metridium farcimen,/home/tahiti/MARINE_DATASETS/FathomNet_FGVC2025/data/rois/4856_14786.png,/home/tahiti/MARINE_DATASETS/FathomNet_FGVC2025/data/images/4856.png,d45620f57a111489b9fdbf7108cb503681c0cd8e3ee9573f3c4c2eefd4b7de4e,6b4ae77cbf7d7c9b9806dfddf3db7b1aaa7ccc93fcbbfc4a73e19418c31b6eba,4856,6,train
14839,4884,75,Terebellidae,/home/tahiti/MARINE_DATASETS/FathomNet_FGVC2025/data/rois/4884_14839.png,/home/tahiti/MARINE_DATASETS/FathomNet_FGVC2025/data/images/4884.png,b450b4f84d0d7ec2ad440dd0d21c2259a5c80e15f922729920af0e81fe678490,d90e9e36e71b70bb99d6e3bd3c4239424e9042265c3080c500c05e9b928b6702,4884,0,train
14850,4892,46,Mycale,/home/tahiti/MARINE_DATASETS/FathomNet_FGVC2025/data/rois/4892_14850.png,/home/tahiti/MARINE_DATASETS/FathomNet_FGVC2025/data/images/4892.png,2b33045239da921b03d8a510a8122e65abe886ebe139d7f94928045d56cc992a,5422576d57392c4d7486af26808d167d614f3e40786c4d1e78d04c0cc2848ae3,4892,4,train
14861,4900,61,Psathyrometra fragilis,/home/tahiti/MARINE_DATASETS/FathomNet_FGVC2025/data/rois/4900_14861.png,/home/tahiti/MARINE_DATASETS/FathomNet_FGVC2025/data/images/4900.png,75827ed10f89f5ca9623983fca1e17957075a15745891ec96c3cd8dcd02df480,f23551135c68b288bc0ef7791fce59b884ebb3fd8bac8990af4b80e5460a3a78,4900,2,train
14890,4915,9,Asbestopluma,/home/tahiti/MARINE_DATASETS/FathomNet_FGVC2025/data/rois/4915_14890.png,/home/tahiti/MARINE_DATASETS/FathomNet_FGVC2025/data/images/4915.png,f232c584bf86f95777519e44e73b77d5de93006252534abf20b222523c8e1fa2,4175efec397bd9b57988034de3483105747c0ab88718fd49b91b2b5074e2cc62,4915,6,train
14928,4933,14,Caridea,/home/tahiti/MARINE_DATASETS/FathomNet_FGVC2025/data/rois/4933_14928.png,/home/tahiti/MARINE_DATASETS/FathomNet_FGVC2025/data/images/4933.png,572347de709a9eb3944bcaec9308b5636bc139910d1450dda9e6ca787e6aa793,30724da641d6d074e9c449a3111096d2afd35db0e76243565369ed2a423f4c00,4933,6,train
15078,4987,77,Umbellula,/home/tahiti/MARINE_DATASETS/FathomNet_FGVC2025/data/rois/4987_15078.png,/home/tahiti/MARINE_DATASETS/FathomNet_FGVC2025/data/images/4987.png,1f4ac90c882d4a10c18d9d3faae924c8271078725981e08ae292a445c5075680,ad482540bfaf63b66993d9480eb6177d603226ce019ad4d9223987709dade820,4987,6,train
15169,5021,10,Asbestopluma monticola,/home/tahiti/MARINE_DATASETS/FathomNet_FGVC2025/data/rois/5021_15169.png,/home/tahiti/MARINE_DATASETS/FathomNet_FGVC2025/data/images/5021.png,2b09d79873a941619daef7d696616dd3b5ffc9104a29cca12876ed034f91420c,c6981e85571e1201ab28c3f20c7b66f44fc13c7ac3b3fb237e4fa2b802f809a5,5021,6,train
15252,5048,70,Sebastes diploproa,/home/tahiti/MARINE_DATASETS/FathomNet_FGVC2025/data/rois/5048_15252.png,/home/tahiti/MARINE_DATASETS/FathomNet_FGVC2025/data/images/5048.png,2c9586d1b8199e9e61b33a4c26a4f95b20351fa96110b46ffa247b0a7500ccac,33efcde116a8bd556fc929ee1456b76a1de830fbc2703c1e80c33d1a70ad41f7,5048,6,train
15411,5111,8,Apostichopus leukothele,/home/tahiti/MARINE_DATASETS/FathomNet_FGVC2025/data/rois/5111_15411.png,/home/tahiti/MARINE_DATASETS/FathomNet_FGVC2025/data/images/5111.png,ecafb39728fe0ae769f7d59cdfff882ba41cc29f4ed46e070241d346ef78a4a5,2affb4f4a4ea45ddcb13016805fb3a3bced7cf30f8ac62a60f71ad6a51cec2b9,5111,2,train
15438,5119,63,Ptychogastria polaris,/home/tahiti/MARINE_DATASETS/FathomNet_FGVC2025/data/rois/5119_15438.png,/home/tahiti/MARINE_DATASETS/FathomNet_FGVC2025/data/images/5119.png,5e1bc8706dd215f0ceed5d9916e3cb8f6c15a6f6fc007cf6744293590c4a2721,c2eb7eba566166cfaa853677b8b4ba81c83b887a8c9891230e254f0529ac3e11,5119,4,train
15476,5131,54,Paragorgia,/home/tahiti/MARINE_DATASETS/FathomNet_FGVC2025/data/rois/5131_15476.png,/home/tahiti/MARINE_DATASETS/FathomNet_FGVC2025/data/images/5131.png,8aa8748134cc7d19bde75b489de6d2c239c185a5e9ab4a345acfff96921b2976,4bd2a22044948cb04f9327604ac0232af7051eab309f2a182ce6d43d5822706f,5131,1,train
15583,5185,6,Actinopterygii,/home/tahiti/MARINE_DATASETS/FathomNet_FGVC2025/data/rois/5185_15583.png,/home/tahiti/MARINE_DATASETS/FathomNet_FGVC2025/data/images/5185.png,212f85ea8cd0b49027c29b6ed74e29f268a4c15dfcfd49e6cb8334eb8e24e0b1,7c51a69334731c8517849c4bd5301ccd721dc21732825ff673487dd0e85396c1,5185,0,train
16111,5390,25,Gastropoda,/home/tahiti/MARINE_DATASETS/FathomNet_FGVC2025/data/rois/5390_16111.png,/home/tahiti/MARINE_DATASETS/FathomNet_FGVC2025/data/images/5390.png,ecc40743476a2b805ac6d872953394b2e26870495cf99e86f2863897299605a4,96a44eb00319a2dec1b9f923fdb082dd72de4d9a7864c72f828e5b9402151773,5390,1,train
16130,5397,38,Liponema brevicorne,/home/tahiti/MARINE_DATASETS/FathomNet_FGVC2025/data/rois/5397_16130.png,/home/tahiti/MARINE_DATASETS/FathomNet_FGVC2025/data/images/5397.png,7273f95eea87394a6c2f232aba112da718f842ce010153f05e0388b7d211856a,244d2d5436b9016e651efe3feb33055cd312590d21dedd676b0f37696c210c94,5397,1,train
16335,5476,6,Actinopterygii,/home/tahiti/MARINE_DATASETS/FathomNet_FGVC2025/data/rois/5476_16335.png,/home/tahiti/MARINE_DATASETS/FathomNet_FGVC2025/data/images/5476.png,500438c8875b3b419e497a83a97cc820d486984cf8d574fb9872e8b17fd8854e,9243169722c347b820c4dd5cd184c8f06d0c10ff1b5f1bdb6ab98b2f84af2793,5476,2,train
16518,5559,40,Mediaster aequalis,/home/tahiti/MARINE_DATASETS/FathomNet_FGVC2025/data/rois/5559_16518.png,/home/tahiti/MARINE_DATASETS/FathomNet_FGVC2025/data/images/5559.png,124470b44fb7f74be57d32812e0a906378bda40e0ab3573eaaeaf2d1b5022e62,3ca6db4c822b9ab62e44bb3a6f12f2ac9adcb753aeac3e5e1b6da8784157076f,5559,0,train
16770,5642,69,Sebastes,/home/tahiti/MARINE_DATASETS/FathomNet_FGVC2025/data/rois/5642_16770.png,/home/tahiti/MARINE_DATASETS/FathomNet_FGVC2025/data/images/5642.png,bc377622855e9c49c2afaa95a3d6734b638cf4df9a47486d64a3376178ba2ca0,ac35666cc2c592c81de641660728f462ae10fe7879256e96246aeeb1951efb4b,5642,6,train
17093,5801,52,Pandalus platyceros,/home/tahiti/MARINE_DATASETS/FathomNet_FGVC2025/data/rois/5801_17093.png,/home/tahiti/MARINE_DATASETS/FathomNet_FGVC2025/data/images/5801.png,b2c9ad6fbb8ac4debbd22c00a0a636dd1563ff6458635da4713f64a88de0027b,198217516cb90c1c33446fdd5936b443e6899513b84ce01962f33d6b4d477de3,5801,6,train
17162,5824,12,Benthocodon pedunculata,/home/tahiti/MARINE_DATASETS/FathomNet_FGVC2025/data/rois/5824_17162.png,/home/tahiti/MARINE_DATASETS/FathomNet_FGVC2025/data/images/5824.png,97400778673eff4a89f796d5343c228a2167aa046539896c483d9953678bfff0,c81f9b0c447e7e8997a92df23b930eeb1867b12414e22897c254add1c35015fd,5824,6,train
17265,5875,57,Parastenella,/home/tahiti/MARINE_DATASETS/FathomNet_FGVC2025/data/rois/5875_17265.png,/home/tahiti/MARINE_DATASETS/FathomNet_FGVC2025/data/images/5875.png,6b8e32f371b39acd824d87d04b5017334e0d6513aba9ef046caae77cb857efec,c2f619afa4fb8cfdfdac150f87e6b67a2d5060748ca55bdab66f0098cb3f5cd3,5875,4,train
17290,5878,32,Holothuroidea,/home/tahiti/MARINE_DATASETS/FathomNet_FGVC2025/data/rois/5878_17290.png,/home/tahiti/MARINE_DATASETS/FathomNet_FGVC2025/data/images/5878.png,1cd3c9dae2f1737750fd50d98cfe9d1841c700d783c006d69a2a0f6f6cb956a0,88bef7e5d496761c8f6d78af7b4a73b77a634555700a04708f3d6b5ba8443d48,5878,0,train
17356,5892,32,Holothuroidea,/home/tahiti/MARINE_DATASETS/FathomNet_FGVC2025/data/rois/5892_17356.png,/home/tahiti/MARINE_DATASETS/FathomNet_FGVC2025/data/images/5892.png,4e980016e2f19432d9868d860ae177c6c10f5f560cc3e8d93505a166c1b2317a,36430f9c4ccec943d454f44157ba129f010847e9891fafc04991a824ca07288d,5892,6,train
17526,5990,23,Florometra serratissima,/home/tahiti/MARINE_DATASETS/FathomNet_FGVC2025/data/rois/5990_17526.png,/home/tahiti/MARINE_DATASETS/FathomNet_FGVC2025/data/images/5990.png,939bbfb725b19174641dcd7d128168a32b6bced9fb49af8b4bda17213ae66391,9107c6e6ff77bf359bc557002e6b278ac6b97386743f61dadfe3671f8ef7b7ab,5990,1,train
17547,6003,27,Heterocarpus,/home/tahiti/MARINE_DATASETS/FathomNet_FGVC2025/data/rois/6003_17547.png,/home/tahiti/MARINE_DATASETS/FathomNet_FGVC2025/data/images/6003.png,47182d500fb6cf57fd70e60520cbda812d23594a65bbc8942f7a18c81033eae8,60e05afd6fc35099a76a03aae0ae572c3aed1eaf22f21fac88b8f6d120806ecc,6003,2,train
17577,6020,4,Actinernus,/home/tahiti/MARINE_DATASETS/FathomNet_FGVC2025/data/rois/6020_17577.png,/home/tahiti/MARINE_DATASETS/FathomNet_FGVC2025/data/images/6020.png,b2e62732e4b08896e36d9eaeec2a5eba6ccfa25a341594733ec22ea1885c781c,27dedff2b3e0f4bb1468ea4e44665742016beeeabfd0b32b037c0cd0126b332f,6020,6,train
17637,6053,52,Pandalus platyceros,/home/tahiti/MARINE_DATASETS/FathomNet_FGVC2025/data/rois/6053_17637.png,/home/tahiti/MARINE_DATASETS/FathomNet_FGVC2025/data/images/6053.png,8f2d7640996933b42869d63b7751d1a8eb3bf7e575d11a43a8f1de51b35c3930,4e8e7600d7d8b1086907ac8f467422790791891230c2516f4951347dc968cef9,6053,6,train
17666,6069,7,Amphipoda,/home/tahiti/MARINE_DATASETS/FathomNet_FGVC2025/data/rois/6069_17666.png,/home/tahiti/MARINE_DATASETS/FathomNet_FGVC2025/data/images/6069.png,529b33274e586e654c06d2886312407a47bbf4c2b016ae6cf5d11f3dfa3a76e8,c54cdc2ac64d2baa0e1ee956dff7a393c01c082e851524bff8cc16e38d1dab07,6069,4,train
17679,6071,64,Pyrosoma atlanticum,/home/tahiti/MARINE_DATASETS/FathomNet_FGVC2025/data/rois/6071_17679.png,/home/tahiti/MARINE_DATASETS/FathomNet_FGVC2025/data/images/6071.png,b3371bbcb90a733d2fc64577cd35fb7d1c9c099b8ca3b84443942b2978fe20a3,21c1e2a5f81b6902ca3fc55918c662f9a6283b5b8df3304d64a424e1c4a0ad46,6071,2,train
17887,6145,33,Hormathiidae,/home/tahiti/MARINE_DATASETS/FathomNet_FGVC2025/data/rois/6145_17887.png,/home/tahiti/MARINE_DATASETS/FathomNet_FGVC2025/data/images/6145.png,9531ab08eedf5c3fe120c3ef6ab60115ba41ce6d66d2c5a8ae36e6a29340b791,2a35d5d9d782bfd5a77e5fdb30e476c7f23a881b5c1219061364ecd642c98fa7,6145,2,train
18256,6301,75,Terebellidae,/home/tahiti/MARINE_DATASETS/FathomNet_FGVC2025/data/rois/6301_18256.png,/home/tahiti/MARINE_DATASETS/FathomNet_FGVC2025/data/images/6301.png,c744c72f3688adc36431a1a0ac7d90481592fab0230c49149adab5ee9db11e5b,e3657befd25090110abf8b065213ad3df40450d103a29db8daf625ac471a38a7,6301,0,train
18318,6326,13,Brisingida,/home/tahiti/MARINE_DATASETS/FathomNet_FGVC2025/data/rois/6326_18318.png,/home/tahiti/MARINE_DATASETS/FathomNet_FGVC2025/data/images/6326.png,1199a3b5dda2f7a1eb1585c5ecf7c851e0edd03e5fe56d3250f5621c4fdefa5c,1542b73d8356775c8891ca1f6adcb4aa004621d28ec1f5637e9a81c56cdf87bd,6326,1,train
18460,6394,43,Microstomus pacificus,/home/tahiti/MARINE_DATASETS/FathomNet_FGVC2025/data/rois/6394_18460.png,/home/tahiti/MARINE_DATASETS/FathomNet_FGVC2025/data/images/6394.png,d14e1ce2fc60efa0bbc6beb9f07b1743ae32ba027df7d973b4c8b0fbf97027ea,beec1ef9f3a77485b348d4782625677f475f833a7b62cc693fdb1574aa1cbd62,6394,0,train
18486,6407,48,Ophiacanthidae,/home/tahiti/MARINE_DATASETS/FathomNet_FGVC2025/data/rois/6407_18486.png,/home/tahiti/MARINE_DATASETS/FathomNet_FGVC2025/data/images/6407.png,4a8e2808f06413a0addcff81386d4b3e7da7a46cf0c3c45e9c4b8839dd62ef82,4a946c75d5dfa47b7791af1bc5dd82fbe102dd7ab5fce7debd4cd14fafac2002,6407,0,train
18619,6475,66,Scleractinia,/home/tahiti/MARINE_DATASETS/FathomNet_FGVC2025/data/rois/6475_18619.png,/home/tahiti/MARINE_DATASETS/FathomNet_FGVC2025/data/images/6475.png,b8dbbfe99bb31de8c7730b1a18a3b7bcde78895247b12a6ba30c7ab3bc6752ab,ecd381b8cf52c2253e39f832e74d77a71544b77f364d7ce1862e3e52b956dcc4,6475,6,train
18832,6592,78,Vesicomyidae,/home/tahiti/MARINE_DATASETS/FathomNet_FGVC2025/data/rois/6592_18832.png,/home/tahiti/MARINE_DATASETS/FathomNet_FGVC2025/data/images/6592.png,e731d0692db1ab4f11cbc40be3a4a5388b48f220e090f1e31a29cbe301b8c644,4af9dba217adda075486178735de5780111e54fcc91f7c7d174362cad8fa8719,6592,0,train
19090,6699,52,Pandalus platyceros,/home/tahiti/MARINE_DATASETS/FathomNet_FGVC2025/data/rois/6699_19090.png,/home/tahiti/MARINE_DATASETS/FathomNet_FGVC2025/data/images/6699.png,a80cf2d5c0189001e3e0e970430c7e8cd88f42ec55e5dd63cbd30a6661cba28a,7945c3681350e88945a057f23e0bca5484382e5afc3951d4572f79b56bb90826,6699,4,train
19189,6755,7,Amphipoda,/home/tahiti/MARINE_DATASETS/FathomNet_FGVC2025/data/rois/6755_19189.png,/home/tahiti/MARINE_DATASETS/FathomNet_FGVC2025/data/images/6755.png,75d4aab634fe503d24dbd3c3d15967b9befe7b469a0bb183ad91295940d5fa60,5468e22d8c20b3f0160b99926f4cef5857fb6617e2a329f42054d3fc4fc21d3a,6755,4,train
19297,6814,34,Isidella tentaculum,/home/tahiti/MARINE_DATASETS/FathomNet_FGVC2025/data/rois/6814_19297.png,/home/tahiti/MARINE_DATASETS/FathomNet_FGVC2025/data/images/6814.png,f6dffed2559e9bfc6059f1ce339b793eab694eecc85a0472a0c638e9ec09f112,41941455593c1e58724822f7acb1b2b54412b8039a771e2f74dc392668f6fb1d,6814,2,train
19408,6864,39,Lithodidae,/home/tahiti/MARINE_DATASETS/FathomNet_FGVC2025/data/rois/6864_19408.png,/home/tahiti/MARINE_DATASETS/FathomNet_FGVC2025/data/images/6864.png,20f1a7e3a62e6e303e79c6c3ae03f92a082f30e37920fd16efeb05d717fb9112,8d7ae97d7f706348c3daaa73bbd0e73936b5a5c068fd405694c89831be36bc57,6864,1,train
19594,6948,2,Acanthascinae,/home/tahiti/MARINE_DATASETS/FathomNet_FGVC2025/data/rois/6948_19594.png,/home/tahiti/MARINE_DATASETS/FathomNet_FGVC2025/data/images/6948.png,eae6424e685ec9cadaded106ad7914985b4dd3d0888bba1feaf792f3ef2c9c9e,43338be4e89d112096c089c6895308f830b0bc482a8fc10f358fa9709af2530c,6948,0,train
19732,7022,34,Isidella tentaculum,/home/tahiti/MARINE_DATASETS/FathomNet_FGVC2025/data/rois/7022_19732.png,/home/tahiti/MARINE_DATASETS/FathomNet_FGVC2025/data/images/7022.png,29d7a02eea33125304c0933853cc8587687c9605815b3018fa6f8325ca10ca2f,02a3131c7076443edc715e5ffec2ba4c9908f952bb5d466fc754434e19b96fbd,7022,2,train
19953,7126,9,Asbestopluma,/home/tahiti/MARINE_DATASETS/FathomNet_FGVC2025/data/rois/7126_19953.png,/home/tahiti/MARINE_DATASETS/FathomNet_FGVC2025/data/images/7126.png,99aeda866bb7e924ac71481f87787b14a492a31732132f5bf5fd768eb5389446,90c95125b0bc8d70a101c8dc6f9607d924bcbf59698339ee001606191da76382,7126,6,train
20111,7213,8,Apostichopus leukothele,/home/tahiti/MARINE_DATASETS/FathomNet_FGVC2025/data/rois/7213_20111.png,/home/tahiti/MARINE_DATASETS/FathomNet_FGVC2025/data/images/7213.png,6defb17cbf8ebec9b92b01bedeec996426d1ba52408f029dcbebdabb25751b78,37a020316abc75c703a7f84e4f7dfcc2ee95ccbe1c99aa62e5d52d6a1d238b50,7213,1,train
20122,7220,10,Asbestopluma monticola,/home/tahiti/MARINE_DATASETS/FathomNet_FGVC2025/data/rois/7220_20122.png,/home/tahiti/MARINE_DATASETS/FathomNet_FGVC2025/data/images/7220.png,ca88168fc50f888a0440a328ced48a7b679c2bbec2a7e748b778016aada023f0,bade04f9499e377eaa52d32fb118372b7a793e861556b8d2390b6adf20fbc609,7220,6,train
20125,7220,10,Asbestopluma monticola,/home/tahiti/MARINE_DATASETS/FathomNet_FGVC2025/data/rois/7220_20125.png,/home/tahiti/MARINE_DATASETS/FathomNet_FGVC2025/data/images/7220.png,f9b6e9437ccca48e90acbfaf2a944c9a721b2972d2671bd0c633b874d459c057,bade04f9499e377eaa52d32fb118372b7a793e861556b8d2390b6adf20fbc609,7220,6,train
20144,7230,50,Paelopatides confundens,/home/tahiti/MARINE_DATASETS/FathomNet_FGVC2025/data/rois/7230_20144.png,/home/tahiti/MARINE_DATASETS/FathomNet_FGVC2025/data/images/7230.png,41c3957f9f574cfcfef8d74b83320c97dabb8e29d88eb5209b988da0216c6a08,38710b0aebe9f42aafd97596e5976bf51adb2f42f19a3b2b03aa0bcb5f2ddef6,7230,2,train
20201,7256,17,Chorilia longipes,/home/tahiti/MARINE_DATASETS/FathomNet_FGVC2025/data/rois/7256_20201.png,/home/tahiti/MARINE_DATASETS/FathomNet_FGVC2025/data/images/7256.png,ff47d41100b2574b023fa51c07ac6df03787280cfe20b7e276208401b952d134,7f22c433ccedb6b4a9f7072ac312f65d0eadb1c01b007dccc51da40460016d71,7256,4,train
20301,7294,9,Asbestopluma,/home/tahiti/MARINE_DATASETS/FathomNet_FGVC2025/data/rois/7294_20301.png,/home/tahiti/MARINE_DATASETS/FathomNet_FGVC2025/data/images/7294.png,2100f82843770b29c12c19898225de1ddb85e01e8323650c6e7019f24afbb1be,9d1531c684b39fdc4d0c113508be4dc1e53b8fba26909b36c1e84a0629405249,7294,1,train
20420,7343,1,Abyssocucumis abyssorum,/home/tahiti/MARINE_DATASETS/FathomNet_FGVC2025/data/rois/7343_20420.png,/home/tahiti/MARINE_DATASETS/FathomNet_FGVC2025/data/images/7343.png,d7c2576ea8627ab8af1effb75c34cddae3447eb21d1935b8201202b258d43191,837477c0046b3ddf73a6d4fbdcaf592f4f0e06b46f4109c9a756beb7ebe943a3,7343,4,train
20527,7392,27,Heterocarpus,/home/tahiti/MARINE_DATASETS/FathomNet_FGVC2025/data/rois/7392_20527.png,/home/tahiti/MARINE_DATASETS/FathomNet_FGVC2025/data/images/7392.png,93dea3e472d29fc8b6b38aa29b3a7776ee09327e8b8b91fd3ac23de67ee6a4e1,aa932585cdd4ff5075dc624864465c6205955ca244294ae1a463be191ff3afc0,7392,1,train
20576,7421,21,Elpidia,/home/tahiti/MARINE_DATASETS/FathomNet_FGVC2025/data/rois/7421_20576.png,/home/tahiti/MARINE_DATASETS/FathomNet_FGVC2025/data/images/7421.png,774b8958a8fcccf1a8600d45713e1df95714bddd5d43b0c55dcbf9149106387b,9ae31148b765c466be8c373641d67d5b208cd705611eb149328ebfe7e5f0d6f5,7421,4,train
20620,7441,66,Scleractinia,/home/tahiti/MARINE_DATASETS/FathomNet_FGVC2025/data/rois/7441_20620.png,/home/tahiti/MARINE_DATASETS/FathomNet_FGVC2025/data/images/7441.png,6d693cf4b15ddc0c845290fae4d91c1ea36bd63d786a2de844d37180385a61e8,83285281f92c4eaeec3b5d6b4ed5839d12db00971a979214f046c9e391abe12e,7441,4,train
20676,7447,7,Amphipoda,/home/tahiti/MARINE_DATASETS/FathomNet_FGVC2025/data/rois/7447_20676.png,/home/tahiti/MARINE_DATASETS/FathomNet_FGVC2025/data/images/7447.png,b3b84597a0684300d4a6e3a7d1d7ce7b7bea943020e0b7ce9a6be01fe0e3a3cd,f0361b0f547ebf8e7bc4fa6ee02c06e903987cc97bb5895ea579d64e37473410,7447,0,train
20805,7493,15,Ceriantharia,/home/tahiti/MARINE_DATASETS/FathomNet_FGVC2025/data/rois/7493_20805.png,/home/tahiti/MARINE_DATASETS/FathomNet_FGVC2025/data/images/7493.png,5d91c6ba5a417a974ae451801e8a7e7402b110ebbd6125fe81c93b0d7297c702,dd2afc8783e06cfda8ba29fe6dea36b188faa494ae1b97291433701a198a5db2,7493,0,train
20888,7526,15,Ceriantharia,/home/tahiti/MARINE_DATASETS/FathomNet_FGVC2025/data/rois/7526_20888.png,/home/tahiti/MARINE_DATASETS/FathomNet_FGVC2025/data/images/7526.png,a132c5210fb1b01c4879627dbfec8a12d36217227bb127f697c058f372f49aa7,8a9801e5cf0be37221e42dbbd446dd28d3fb2f24aab14fb4d2173ca521bb6c87,7526,2,train
21068,7609,78,Vesicomyidae,/home/tahiti/MARINE_DATASETS/FathomNet_FGVC2025/data/rois/7609_21068.png,/home/tahiti/MARINE_DATASETS/FathomNet_FGVC2025/data/images/7609.png,1c8b982dfb429c514872f2c16801935efcbf38ed02172f7f7d1369ec50c7948d,dc65a60e5e9c6fdcbba622578877eebaa54599a1ad9c52a8b97dd29136416dd6,7609,2,train
21193,7666,21,Elpidia,/home/tahiti/MARINE_DATASETS/FathomNet_FGVC2025/data/rois/7666_21193.png,/home/tahiti/MARINE_DATASETS/FathomNet_FGVC2025/data/images/7666.png,9a1621dccd268bb08cc4c46598925ba9277f6a5fc4bbd3fb0c2fb23e2f749339,f2a171445b23be6bb465698d883169fcc03ea620aa9df4062ec7462a4d479614,7666,4,train
21535,7856,1,Abyssocucumis abyssorum,/home/tahiti/MARINE_DATASETS/FathomNet_FGVC2025/data/rois/7856_21535.png,/home/tahiti/MARINE_DATASETS/FathomNet_FGVC2025/data/images/7856.png,cacf6cf3e2615b0f2767f2903e21e832f7ff2c6e75a7e92805ab1ebde2cb5ab0,adee955cdbb6b5aee927c68326c5497a216c8086371a6b741cb7b1e6cf3b0160,7856,0,train
21552,7865,48,Ophiacanthidae,/home/tahiti/MARINE_DATASETS/FathomNet_FGVC2025/data/rois/7865_21552.png,/home/tahiti/MARINE_DATASETS/FathomNet_FGVC2025/data/images/7865.png,5f2f5165ff87216c76c276d449a319ffc79de55dddb15be9d7dc2f9de740084a,eeb7e2035d740938a448e70357443cad6155813bd9c32c949aa397ef6a89e504,7865,1,train
21663,7916,2,Acanthascinae,/home/tahiti/MARINE_DATASETS/FathomNet_FGVC2025/data/rois/7916_21663.png,/home/tahiti/MARINE_DATASETS/FathomNet_FGVC2025/data/images/7916.png,4e50b621ac4efc233d853c64ac0439ec079ffe518428fc0b53cf335bf9796eec,e49f9904a160c3e65cece5a3fcfec1fb69d719a551974673f351a946d3002d5f,7916,4,train
21793,7991,3,Acanthoptilum,/home/tahiti/MARINE_DATASETS/FathomNet_FGVC2025/data/rois/7991_21793.png,/home/tahiti/MARINE_DATASETS/FathomNet_FGVC2025/data/images/7991.png,7413dbba153547722d1d6485d65e469391b88fd4fae4c4f05aee46db3344770b,a33c53f1b739af23457fd45475772d08388236559f140d3d1c4bad52c9984425,7991,2,train
21826,8006,20,Delectopecten,/home/tahiti/MARINE_DATASETS/FathomNet_FGVC2025/data/rois/8006_21826.png,/home/tahiti/MARINE_DATASETS/FathomNet_FGVC2025/data/images/8006.png,15063c004b47dde75770881ea1bf2d78e886e1c3a42401ce7499f0f54f6cb740,88d7b204133afa3321c9c5d1fc22a41251df818a6081ddfdcf887996146d5f86,8006,2,train
21850,8015,39,Lithodidae,/home/tahiti/MARINE_DATASETS/FathomNet_FGVC2025/data/rois/8015_21850.png,/home/tahiti/MARINE_DATASETS/FathomNet_FGVC2025/data/images/8015.png,b24e3de386c80044761c753228156fa32a28d7cad4af089f416ce8d164bac850,2fb814ce8df6cf2d79f364e26a65c6f875ca5a747843dd193b040d8d9b8062c7,8015,6,train
21940,8066,23,Florometra serratissima,/home/tahiti/MARINE_DATASETS/FathomNet_FGVC2025/data/rois/8066_21940.png,/home/tahiti/MARINE_DATASETS/FathomNet_FGVC2025/data/images/8066.png,c3aa73e24a02eec4f75e90d707efab292c1bc90c79b370db1589c801e6780260,23af8c43f5dc203ceef6cce8bbbbc9eba233b21423c06cc101619b39a3c8f1e2,8066,2,train
22019,8114,61,Psathyrometra fragilis,/home/tahiti/MARINE_DATASETS/FathomNet_FGVC2025/data/rois/8114_22019.png,/home/tahiti/MARINE_DATASETS/FathomNet_FGVC2025/data/images/8114.png,f5031f195dbdb0937011076cbcb2d5ca9720953a52ed2ffff0606f9f642af1be,8c7ecedf35d1c09eb3a28706ecce7bc2953b6b664c82524cea20a0c28d651f6c,8114,6,train
22031,8119,26,Gersemia juliepackardae,/home/tahiti/MARINE_DATASETS/FathomNet_FGVC2025/data/rois/8119_22031.png,/home/tahiti/MARINE_DATASETS/FathomNet_FGVC2025/data/images/8119.png,04f50c39b40bd6afa907655706eaf3b57ca6ed8eae16fb41a2d7a20f3dd3965e,f1941ee9300158b51512a56d29d7483b7db4ecc53ca829732138dc50bf8c833c,8119,1,train
22102,8148,26,Gersemia juliepackardae,/home/tahiti/MARINE_DATASETS/FathomNet_FGVC2025/data/rois/8148_22102.png,/home/tahiti/MARINE_DATASETS/FathomNet_FGVC2025/data/images/8148.png,447dbcbf74775863e0e13a65fd9d28697623dc9cbfdb78f9e5842adcca540db1,bca3ef1bd54995719d0b83c83c320be6ac83cdbc06944499028e182c9c4eda87,8148,6,train
22260,8245,1,Abyssocucumis abyssorum,/home/tahiti/MARINE_DATASETS/FathomNet_FGVC2025/data/rois/8245_22260.png,/home/tahiti/MARINE_DATASETS/FathomNet_FGVC2025/data/images/8245.png,f3501c4c9a9c3474a446137c646c3acac62fb6a7219ca5bdc3ad222ce4d121b6,255f7f3a8c1acc83187b2dbdd7a8484a77d9e0115876302eea090346cfbb8e5e,8245,1,train
22284,8263,40,Mediaster aequalis,/home/tahiti/MARINE_DATASETS/FathomNet_FGVC2025/data/rois/8263_22284.png,/home/tahiti/MARINE_DATASETS/FathomNet_FGVC2025/data/images/8263.png,4aa812b4780a38c8f9aa7ea31373a973e647e2640d7fe53177551111edf430a6,5a096b0c9cdb13b8140f0bcd02a5a0f2561c94eb9b55cbb2bec9f0e157755545,8263,1,train
22392,8316,59,Pennatula phosphorea,/home/tahiti/MARINE_DATASETS/FathomNet_FGVC2025/data/rois/8316_22392.png,/home/tahiti/MARINE_DATASETS/FathomNet_FGVC2025/data/images/8316.png,671dd63565eef8c8614acf4e666abf98fa5f8695829b61880181de648ed9c48f,a828af70dde6255f2b2fb69b86a0d0561f2b7f2733d1a74138bc3274f1541fbd,8316,2,train
22411,8328,39,Lithodidae,/home/tahiti/MARINE_DATASETS/FathomNet_FGVC2025/data/rois/8328_22411.png,/home/tahiti/MARINE_DATASETS/FathomNet_FGVC2025/data/images/8328.png,4252eb0b63e669a31a2936f694e0cbafc15878b8280d3c4bce2d2347557b8eba,97b238b12c4aebbb879e8501469136c599caf64a7b92d32101a200b8fbbd4657,8328,1,train
22548,8389,20,Delectopecten,/home/tahiti/MARINE_DATASETS/FathomNet_FGVC2025/data/rois/8389_22548.png,/home/tahiti/MARINE_DATASETS/FathomNet_FGVC2025/data/images/8389.png,181d4b8f1d42dceaf6174abfc69c4b38b152702f29d4a7ffbf1f7b8bf8353088,d288bd74b0aa0420d85f59b9d2a73d3aa79ea21c048f1a90c60799f2b79ad458,8389,6,train
22619,8430,70,Sebastes diploproa,/home/tahiti/MARINE_DATASETS/FathomNet_FGVC2025/data/rois/8430_22619.png,/home/tahiti/MARINE_DATASETS/FathomNet_FGVC2025/data/images/8430.png,1908f01333877dac0a12f94cf17cd1e80c414e6f0d43884858a49e6f51bb650b,a771671aa67a57b59ce6b554bb6bc86be4191850319fc85d970dbffeaebf6ab3,8430,2,train
22904,8601,75,Terebellidae,/home/tahiti/MARINE_DATASETS/FathomNet_FGVC2025/data/rois/8601_22904.png,/home/tahiti/MARINE_DATASETS/FathomNet_FGVC2025/data/images/8601.png,56b2ed60d325ffcd53dd6baaf7b47eac4bad8b7c7858404bc69da0d1391ba926,3171375662a93f27a2a47977296c3b64a8211b7df0274af9227240e74ec9f4bd,8601,2,train
22929,8617,13,Brisingida,/home/tahiti/MARINE_DATASETS/FathomNet_FGVC2025/data/rois/8617_22929.png,/home/tahiti/MARINE_DATASETS/FathomNet_FGVC2025/data/images/8617.png,ef1993d77c7040ffdd034dc04f3b8647a3105b1592231f0990c8d064d24e4f50,9a5c670214c34e3da685c1acb838cc65e6d0acae7adc2921691929f3a374f1c2,8617,0,train
23236,8773,3,Acanthoptilum,/home/tahiti/MARINE_DATASETS/FathomNet_FGVC2025/data/rois/8773_23236.png,/home/tahiti/MARINE_DATASETS/FathomNet_FGVC2025/data/images/8773.png,a512a2b4a75d7f3bbff41c0df2f4d168ca8f5d829ac289b0203cb2d9507d52e4,4a79e3bf311b37f033722eeb05c4a977ee9b0900783f25fd3970c01276f88605,8773,4,train
23239,8773,3,Acanthoptilum,/home/tahiti/MARINE_DATASETS/FathomNet_FGVC2025/data/rois/8773_23239.png,/home/tahiti/MARINE_DATASETS/FathomNet_FGVC2025/data/images/8773.png,9efd755a443f38bc21900d320ed4543efb94939a235b4bd7ec00075a16aefc61,4a79e3bf311b37f033722eeb05c4a977ee9b0900783f25fd3970c01276f88605,8773,4,train
23339,8829,6,Actinopterygii,/home/tahiti/MARINE_DATASETS/FathomNet_FGVC2025/data/rois/8829_23339.png,/home/tahiti/MARINE_DATASETS/FathomNet_FGVC2025/data/images/8829.png,02c66320dc6669bf8a86989505c42aab8d8e9970cda2095fb628766df563b88d,a6112dfbca0a22a1432790e25e8b3a2bb2ef324a7b0cce91a76508416e866b72,8829,1,train
23489,8898,59,Pennatula phosphorea,/home/tahiti/MARINE_DATASETS/FathomNet_FGVC2025/data/rois/8898_23489.png,/home/tahiti/MARINE_DATASETS/FathomNet_FGVC2025/data/images/8898.png,0a5920e642ae5dc572825fe9a9f90cff5dfb80bde4bf0a68ae5bea76e38995fa,dce260c0bb36e11970bfd8701b76f8aa44a6be13998b92cd4af902aa109c3b58,8898,0,train
23557,8915,20,Delectopecten,/home/tahiti/MARINE_DATASETS/FathomNet_FGVC2025/data/rois/8915_23557.png,/home/tahiti/MARINE_DATASETS/FathomNet_FGVC2025/data/images/8915.png,b08fccb0b4eae375fe187f8f45f2685d381d831c3ac8fd5199b64e2fa6a227ac,91071a440415b13a54f460cdcbdbb425e51970d93769342734e17c6de2842908,8915,0,train
