dataset,backbone,method,budget,n,test_macro_f1_mean,test_macro_f1_sd,test_macro_f1_ci_low,test_macro_f1_ci_high,test_accuracy_mean,test_accuracy_sd,test_accuracy_ci_low,test_accuracy_ci_high,test_balanced_accuracy_mean,test_balanced_accuracy_sd,test_balanced_accuracy_ci_low,test_balanced_accuracy_ci_high
aqua20,dinov2_small,full_finetune,001,5,0.1901109695637728,0.055532585860171804,0.1529922146822702,0.2371692069347766,0.5809442060085837,0.060602925228282783,0.535793991416309,0.6295278969957081,0.19351013012534116,0.05163918341909579,0.16038520943413564,0.24010555093493008
aqua20,dinov2_small,last_block_ft,001,5,0.14658987098766418,0.043072580710069974,0.11748406289209408,0.1832441398332066,0.5491845493562232,0.055101011768472416,0.5110729613733905,0.5970815450643777,0.15123747056500933,0.04057329849185424,0.12492310871169499,0.1864255380994908
aqua20,dinov2_small,linear_probe,001,5,0.05635326729961573,0.03586740321645321,0.032586942707089915,0.08884566251260546,0.1586266094420601,0.10318903318589236,0.08703862660944206,0.2429184549356223,0.07585706664951561,0.051013429545826376,0.03973745583000617,0.12117008993949771
aqua20,dinov2_small,marine_adapter,001,5,0.08015722393115768,0.02419558511029909,0.0632294375676655,0.09936136006698587,0.27313304721030046,0.11841978703505866,0.17665236051502148,0.3562231759656652,0.09499102422936806,0.024496535321629966,0.07563733818029088,0.11404652138356834
aqua20,dinov2_small,mlp_head,001,5,0.12476773212372194,0.018460963624137124,0.11007904480736883,0.13842439639230467,0.5565665236051502,0.03200577412953523,0.5342489270386267,0.5818025751072962,0.12877546464341483,0.014296873249705288,0.11739234901839482,0.1393392341036864
aqua20,dinov2_small,full_finetune,005,5,0.31375464385408497,0.13691110731996842,0.19522240261664847,0.4075307907220608,0.6825751072961374,0.11574845517654878,0.5802575107296136,0.7471244635193133,0.3060599049368372,0.12822476742122682,0.194621974494204,0.3936405328174247
aqua20,dinov2_small,last_block_ft,005,5,0.386168321108611,0.023088574995001575,0.37069533465383253,0.4050053946223523,0.7732188841201716,0.008824936077235947,0.7668669527896995,0.7804291845493561,0.3770917488589434,0.029867169380982366,0.35956450262305434,0.40387164646460105
aqua20,dinov2_small,linear_probe,005,5,0.13409404848966439,0.059648315382365744,0.09459260592679,0.1858783980449538,0.39622317596566525,0.10847523804055392,0.32068669527897,0.4884120171673819,0.13696051668262277,0.05851799348788841,0.09819942267984638,0.18614780267273648
aqua20,dinov2_small,marine_adapter,005,5,0.14711521983492631,0.024009572530218452,0.12846047650888665,0.16576996316096598,0.5740772532188843,0.021769431737884756,0.5570815450643778,0.5910729613733905,0.14575018083835617,0.014553625084535227,0.1350173772042133,0.15798273605555618
aqua20,dinov2_small,mlp_head,005,5,0.2292536532728172,0.020580009637013248,0.212630523732596,0.24485298883651577,0.7184549356223177,0.016410347033738323,0.705579399141631,0.7313304721030043,0.2320840205042642,0.017858175192221968,0.21700719557564713,0.24642508343420766
aqua20,dinov2_small,full_finetune,010,5,0.40802071339115964,0.16424567700761483,0.2606668024469183,0.48553343202973875,0.750901287553648,0.1222240437358255,0.6405150214592276,0.8121888412017167,0.40013941861525215,0.15434291593783558,0.2614414629757982,0.4712618469878759
aqua20,dinov2_small,last_block_ft,010,5,0.5433413702439718,0.029754693725260843,0.5203964492667603,0.5662862912211833,0.8331330472103003,0.009296577213089987,0.8260944206008582,0.8406866952789699,0.5446431255173974,0.0324927050614882,0.5255912784913374,0.5739665681858017
aqua20,dinov2_small,linear_probe,010,5,0.22605118035302824,0.07224746755149453,0.17206812058608717,0.2816352930988212,0.5802575107296137,0.06655267259176889,0.5352789699570815,0.6341630901287554,0.21689449907854677,0.06596710765067164,0.16817130932488622,0.26947490273014024
aqua20,dinov2_small,marine_adapter,010,5,0.24105687301854148,0.02374629513120583,0.22377161335311996,0.26129464603418273,0.7131330472103004,0.009292613632772116,0.7071244635193132,0.7215450643776824,0.23398839254545437,0.016271197915599403,0.221558859631045,0.247037859123582
aqua20,dinov2_small,mlp_head,010,5,0.39357984824627457,0.012561640752386551,0.3847932053619297,0.40392643786753296,0.799656652360515,0.008973960541586348,0.7929613733905578,0.8068669527896996,0.3811592343576582,0.012321655886871648,0.372700557976119,0.39216057933797577
aqua20,dinov2_small,full_finetune,100,5,0.8361895252896808,0.01931577524636265,0.8212326071946796,0.851146443384682,0.9102145922746783,0.0068022704742176626,0.9043776824034335,0.9148497854077254,0.8136120778404031,0.029068658852176205,0.7894142596394945,0.8353255311588759
aqua20,dinov2_small,last_block_ft,100,5,0.8766222240100727,0.02033050003333395,0.8596561713044251,0.8900445698911668,0.9158798283261802,0.004161098590056936,0.9124463519313306,0.918969957081545,0.8768760283364699,0.022419922854421053,0.8572934472105865,0.8903340002983736
aqua20,dinov2_small,linear_probe,100,5,0.8121176286176508,0.011163360099695135,0.8038757336313269,0.8213305062350719,0.8878969957081544,0.0044436666456806224,0.8841201716738197,0.8908154506437768,0.8005354388945397,0.011694930915846046,0.7920769706398398,0.8099478732679047
aqua20,dinov2_small,marine_adapter,100,5,0.8342228546231677,0.01507618038072477,0.8253596986245023,0.8481338155600276,0.9052360515021458,0.0031304004341305477,0.902832618025751,0.9076394849785407,0.8213465981718284,0.020164792181422087,0.8077770018581025,0.839157921554037
aqua20,dinov2_small,mlp_head,100,5,0.8531138562436249,0.018304956970045336,0.8367625127059007,0.8646378447012809,0.9091845493562232,0.006406217392976932,0.9033476394849785,0.9126180257510729,0.8437413165972727,0.020150757977570793,0.8268273334654758,0.8566648357430818
aqua20,resnet18,full_finetune,001,5,0.07394929477322602,0.014145996838689332,0.06406260482867931,0.08536266718396275,0.3615450643776824,0.06405757324938484,0.3151931330472103,0.41442060085836907,0.09227325218393899,0.01317780195638006,0.08305840219057936,0.1031218303383222
aqua20,resnet18,last_block_ft,001,5,0.06744578144122772,0.01206922781605769,0.0584132631920519,0.07758927181899829,0.36017167381974247,0.06630477645258276,0.3069527896995708,0.41012875536480686,0.08455837077761941,0.007703616464574274,0.07854305396409514,0.09057368759114368
aqua20,resnet18,linear_probe,001,5,0.03372111668086943,0.010549855527285821,0.0244336638206153,0.03981966832407785,0.21201716738197424,0.08203152842291678,0.14180257510729616,0.26781115879828327,0.05174830294989404,0.014146550992911908,0.040846162215141105,0.06265044368464698
aqua20,resnet18,marine_adapter,001,5,0.05615296236802556,0.02014261259360087,0.04516301038412849,0.07449867890194294,0.34523605150214587,0.06186036878112139,0.30643776824034336,0.40154506437768245,0.06794454407426284,0.01639895945208082,0.05986490926771364,0.08272643458058054
aqua20,resnet18,mlp_head,001,5,0.05330824236450652,0.009807108750231674,0.0462771804548871,0.06172999963517504,0.39811158798283264,0.02724155743884174,0.3759656652360515,0.41974248927038627,0.07005629704610981,0.00842028589723438,0.06356685226284808,0.07671064039848206
aqua20,resnet18,full_finetune,005,5,0.10854897796054838,0.005427707030624209,0.10438746541421458,0.11260464082312707,0.5505579399141631,0.02298121961295315,0.5332188841201717,0.5678969957081546,0.12003862206493743,0.006305678805632336,0.11512551221243003,0.12495173191744484
aqua20,resnet18,last_block_ft,005,5,0.10414269928116862,0.007910273614267351,0.09815200219042897,0.11013339637190826,0.551244635193133,0.021212313384627143,0.5339055793991416,0.567038626609442,0.11790138206766174,0.007231493529708744,0.11225413001384565,0.1235486341214778
aqua20,resnet18,linear_probe,005,5,0.04504599777591316,0.008915659213680923,0.0384915914730893,0.05268165616642445,0.3349356223175966,0.04070425726987814,0.30042918454935624,0.3649785407725322,0.05987859731059085,0.007841246888748822,0.05403106055796181,0.06572613406321988
aqua20,resnet18,marine_adapter,005,5,0.07968410991640966,0.010288594717572761,0.07218770292035048,0.08842970888671493,0.48377682403433475,0.03005885536830076,0.46197424892703864,0.5088412017167382,0.09404363420902892,0.010494791324520084,0.08634467157120404,0.10304700354977195
aqua20,resnet18,mlp_head,005,5,0.10289266521496061,0.005195388591602681,0.09953338386967722,0.10741495711224076,0.5565665236051502,0.00833546670304564,0.5503862660944205,0.5632618025751073,0.11531603688942309,0.0035190084915577065,0.11256025773172725,0.11807181604711894
aqua20,resnet18,full_finetune,010,5,0.17220252000691966,0.01751474383843413,0.15912309090047455,0.18546589640829636,0.6219742489270387,0.01705542895384693,0.608755364806867,0.6351931330472104,0.1663953624885265,0.01228837737015198,0.15738747621094273,0.1765287621819031
aqua20,resnet18,last_block_ft,010,5,0.15000859344988113,0.008613630239594385,0.1445094795822746,0.15729331700867782,0.6130472103004292,0.0124596643324716,0.6030901287553648,0.6230042918454937,0.1515115513134198,0.006627983925982286,0.14681740070509391,0.15704734848589494
aqua20,resnet18,linear_probe,010,5,0.05438520351015297,0.008772605493215022,0.04750462225766065,0.061265784762645284,0.3749356223175966,0.032895812839712324,0.3486695278969957,0.40120171673819743,0.06632031572888959,0.007775509104064214,0.0601863389648364,0.0724542924929428
aqua20,resnet18,marine_adapter,010,5,0.11621326080918074,0.017961698092225257,0.10357286862228614,0.13217296662496433,0.567038626609442,0.020309092689919702,0.5510729613733906,0.5830042918454936,0.12478227248410811,0.013170661729913158,0.11485360922117929,0.1355758488243904
aqua20,resnet18,mlp_head,010,5,0.18561429095784088,0.023784941028039828,0.1667807393070317,0.20347570176695343,0.6317596566523604,0.014143568286080746,0.6195708154506439,0.6413733905579398,0.1791942794969029,0.019556718279547435,0.16330880900523215,0.1937348596787687
aqua20,resnet18,full_finetune,100,5,0.6433200371503304,0.014740580350567122,0.6309417582720035,0.6539966517267599,0.8460085836909871,0.004007765675512042,0.8432618025751072,0.8492703862660946,0.6240995891680953,0.01630677664869594,0.6103883195031374,0.6353701355026234
aqua20,resnet18,last_block_ft,100,5,0.6260672102990675,0.008937742143146422,0.618963428221761,0.6331709923763741,0.8374248927038626,0.0015593049033978366,0.8362231759656652,0.83862660944206,0.6021525085794435,0.005900526205627127,0.5970297682258574,0.606412448525187
aqua20,resnet18,linear_probe,100,5,0.42529994096354046,0.017803267036068035,0.41140749015198114,0.4391923917750999,0.7416309012875537,0.0053260401914123874,0.7375107296137339,0.7457510729613734,0.38099794103678647,0.01241036144562279,0.3714521760337207,0.3905437060398521
aqua20,resnet18,marine_adapter,100,5,0.6445971555840485,0.014638291816800366,0.6323761193086371,0.6550530540344986,0.8108154506437769,0.003914765408065725,0.8075536480686696,0.8137339055793991,0.6225368976658834,0.011797330034146,0.6129955728077108,0.6311115707240079
aqua20,resnet18,mlp_head,100,5,0.6514180047005778,0.015702181968147027,0.6390265185966516,0.6629285885066876,0.8175107296137339,0.003570237655465313,0.8149356223175965,0.8206008583690988,0.6394504566929513,0.010826843630832708,0.6307759842558958,0.6475729222591468
fathomnet,dinov2_small,full_finetune,001,5,0.12460411148775682,0.023805087433480754,0.10981041439633496,0.1458233527833564,0.1357332546473886,0.02374461241841545,0.11950427854824433,0.1559161994688699,0.1456825024120953,0.026757950934071073,0.12892631444974856,0.16910640942926633
fathomnet,dinov2_small,last_block_ft,001,5,0.06256677259680304,0.014858868478219236,0.051907626263646936,0.07539825845548344,0.0695190321628799,0.016477350445721125,0.05789318383003835,0.08326940100324579,0.07500797473168103,0.01739089329131163,0.062375821164211295,0.0897414012456167
fathomnet,dinov2_small,linear_probe,001,5,0.024730957368596044,0.00532436431317132,0.02056107079853925,0.028752466622019683,0.027264679846562407,0.006909355747166789,0.022248450870463267,0.03310711124225435,0.02851468908025532,0.007347341766130504,0.023183281913361064,0.034477378556154556
fathomnet,dinov2_small,marine_adapter,001,5,0.031425612250732926,0.006564355562294928,0.026094098450238662,0.03638931406414427,0.039952788433166124,0.007822477228506106,0.03381528474476246,0.045913248745942756,0.041966171662689435,0.007291797546910509,0.03589407349808141,0.047278265569687575
fathomnet,dinov2_small,mlp_head,001,5,0.06307915760745413,0.010620780212229843,0.055689862586920325,0.07213168440833197,0.0753024491000295,0.014468174148317548,0.06556506344054294,0.08775449985246386,0.07877213243963088,0.016439046711100514,0.06749170346959363,0.09212412737348143
fathomnet,dinov2_small,full_finetune,005,5,0.4117930090720587,0.036642801851859676,0.382630669065185,0.44095534907893247,0.4238418412511066,0.035128849057216034,0.3962820891118324,0.45140159339038066,0.42703285419705794,0.03594049533900541,0.3984481634466904,0.45561754494742557
fathomnet,dinov2_small,last_block_ft,005,5,0.30704006732669686,0.021110089105464146,0.29231139164687214,0.32447479343165436,0.31513720861611094,0.016653949211035298,0.3041605193272352,0.330126881085866,0.32444873332749014,0.02139953620749831,0.3109123486328163,0.34356576180976545
fathomnet,dinov2_small,linear_probe,005,5,0.12890501423616124,0.01190271217019653,0.11919526543687757,0.1383249117018579,0.1422838595455887,0.011751881509037408,0.1328415461788138,0.15184420182944822,0.1468675522312069,0.011425377423522249,0.1378848903051461,0.15653471652927045
fathomnet,dinov2_small,marine_adapter,005,5,0.18892004286007516,0.01965894466493428,0.1738718579375947,0.20458404720745374,0.2023605783416937,0.021463745982908778,0.18477426969607555,0.21912068456771908,0.21479885715749472,0.02219653439336719,0.19798438437506857,0.23228740113671273
fathomnet,dinov2_small,mlp_head,005,5,0.25693334411695584,0.017137442411587763,0.2435644808332472,0.2703022074006644,0.2854529359693125,0.01560204339277146,0.27382708763647096,0.29713779876069635,0.2956242737091975,0.01704750553616917,0.2820810024633863,0.30916754495500876
fathomnet,dinov2_small,full_finetune,010,5,0.5730683546813868,0.0223861019088122,0.5545833218010336,0.5911120467707892,0.5834169371496016,0.023606152254421527,0.5632930067866628,0.6006491590439659,0.5860184638900987,0.02263668196819518,0.5669601505784195,0.60427294686009
fathomnet,dinov2_small,last_block_ft,010,5,0.4669561423258825,0.009826119832439154,0.4595164867725243,0.475230515226284,0.474358217763352,0.006296181751964835,0.4691649454116259,0.4790793744467394,0.4813944777911054,0.00940041495438311,0.47377400326490193,0.48872591635259965
fathomnet,dinov2_small,linear_probe,010,5,0.28242490118972297,0.012033816860002478,0.2732696295115663,0.29158017286787963,0.29666568309235763,0.009745429763014138,0.28934789023310714,0.30398347595160813,0.3026210694621937,0.010828107425725812,0.2943258726976198,0.3109162662267676
fathomnet,dinov2_small,marine_adapter,010,5,0.34831704088835425,0.020686683459076993,0.3327898100183843,0.364903693697748,0.3670699321333727,0.020681389449507512,0.3511950427854824,0.3829448214812629,0.37941704717719776,0.02299070699162648,0.362152353498269,0.3975797724385112
fathomnet,dinov2_small,mlp_head,010,5,0.4009699178609979,0.012840767372356766,0.3944384042077094,0.41243273614508036,0.42177633520212454,0.01177815347895124,0.41445854234287405,0.43228090882266157,0.431998202764995,0.014437325528753377,0.42382930252758716,0.44518976049994696
fathomnet,dinov2_small,full_finetune,100,5,0.8097715361276421,0.004599296199519977,0.8056582845122987,0.8128689549115947,0.8215402773679552,0.004403404071869077,0.8179403953968721,0.8247860725877839,0.8181771964336916,0.004975280355251207,0.8139081647309487,0.8214599292467575
fathomnet,dinov2_small,last_block_ft,100,5,0.7292882453641524,0.005685115504162555,0.7249545218772405,0.7340190558599292,0.7393921510770138,0.005175975110438193,0.7349660666863381,0.7434051342578931,0.7396619432845511,0.004792663166685268,0.7362173199489501,0.7436242324136766
fathomnet,dinov2_small,linear_probe,100,5,0.6384763868930132,0.0041126823350988604,0.6354261134751457,0.6417562234512041,0.648509884921806,0.0035371771858344367,0.6457952198288581,0.6512835644732959,0.65134781440614,0.004121306902611298,0.6480851716863385,0.6546104571259413
fathomnet,dinov2_small,marine_adapter,100,5,0.666267923025951,0.0021490680013481036,0.6646585369697029,0.6680456543844528,0.6770138683977576,0.0021743444587713906,0.6754204780171141,0.6786072587784007,0.6787283122055224,0.0023225326401663505,0.6768485969697943,0.6804565583011415
fathomnet,dinov2_small,mlp_head,100,5,0.6676952527726643,0.003815719453182363,0.6642412629925096,0.6702453106279179,0.6786072587784007,0.004486651592504774,0.6745352611389791,0.6814399527884332,0.6802112627566845,0.003024314310530982,0.6778147719647503,0.6823010504825437
fathomnet,resnet18,full_finetune,001,5,0.0314291485857603,0.004861849024329592,0.02760903504202996,0.03524926212949063,0.03576276187665979,0.006336844943308878,0.0311006196518147,0.04107406314547064,0.03967610530881576,0.007024897041239837,0.03427640458257684,0.04509319149212497
fathomnet,resnet18,last_block_ft,001,5,0.03573141309628043,0.006938322687094729,0.03143192205211655,0.041991022321053874,0.0414281498967247,0.005678129421742028,0.03776925346709944,0.04662142224845087,0.04665732715776326,0.006036029941526726,0.042690786545845,0.052106743599576566
fathomnet,resnet18,linear_probe,001,5,0.011923123550473235,0.002764966568975149,0.009703884089159526,0.01402589268210518,0.020832103865447035,0.005239506898947108,0.016347005016228978,0.024431985836529953,0.021510274134354627,0.004660578785143295,0.017731216495793137,0.024989194618953065
fathomnet,resnet18,marine_adapter,001,5,0.028308392373529966,0.0027195406337153947,0.026095470800349,0.030273198441978438,0.033402183534966066,0.003004815489666797,0.0311006196518147,0.03576276187665979,0.03626623026126098,0.00316103188038972,0.033475863849200524,0.03876224108732311
fathomnet,resnet18,mlp_head,001,5,0.04005427295534828,0.004291358498431908,0.03651312801600538,0.0432452138190204,0.05063440542933019,0.005866672411018548,0.04697550899970493,0.05570964886397167,0.05477869429891622,0.003989606970543277,0.0517905360341445,0.057766852563687944
fathomnet,resnet18,full_finetune,005,5,0.15511664001615774,0.010579050721622435,0.14692460330955706,0.16314826984339229,0.1792269105930953,0.0070249518512613615,0.1732664502803187,0.1841251106521098,0.1870635141811819,0.010402050233241235,0.1790591879051342,0.19506784045722952
fathomnet,resnet18,last_block_ft,005,5,0.17779946629975954,0.009367052379522602,0.1704502965011822,0.18514863609833687,0.1940985541457657,0.007633195705874307,0.18831513720861612,0.2002360578341694,0.21077055485872642,0.008236425412638564,0.20481277633279374,0.21706209293342044
fathomnet,resnet18,linear_probe,005,5,0.05875646332611698,0.009261277044267446,0.05180889223888099,0.06655494470984222,0.0715845382118619,0.008476847178429588,0.06462083210386545,0.0778990852758926,0.07922523090262537,0.008341648575760828,0.072003360389334,0.08523979535179342
fathomnet,resnet18,marine_adapter,005,5,0.1273525479768133,0.009441631152838383,0.12045244023154796,0.13536627213099423,0.14488049572145173,0.01037379512024016,0.1369725582767778,0.1529064620832104,0.15437733033411252,0.013770843698897374,0.14386953257269008,0.16488512809553496
fathomnet,resnet18,mlp_head,005,5,0.16028935488495685,0.0045047676552972035,0.15700584312633603,0.16385679847455553,0.18672174682797285,0.008000758845716051,0.181410445559162,0.19409855414576568,0.1935383475361435,0.006276266570201406,0.18863186485458822,0.19844483021769874
fathomnet,resnet18,full_finetune,010,5,0.27376407372641876,0.01274059870309886,0.263850382407481,0.28367776504535647,0.29802301563883155,0.011276626907064843,0.2892298613160224,0.30663912658601356,0.3044640079011387,0.01518915276987582,0.292746850176169,0.3161811656261084
fathomnet,resnet18,last_block_ft,010,5,0.3030573387091303,0.007249637250200973,0.29705063325372133,0.3083829490342799,0.3203304809678371,0.006685194747611452,0.3149601652404839,0.3254057244024786,0.3337458673664182,0.010568373445178608,0.32554730727423853,0.3419444274585978
fathomnet,resnet18,linear_probe,010,5,0.14793905246603523,0.007111638585278161,0.14180891097112924,0.15311048468713778,0.16653880200649157,0.006306544706942483,0.16128651519622308,0.1712009442313367,0.17669398999643846,0.006843158162526312,0.1707511636520096,0.1809805564434565
fathomnet,resnet18,marine_adapter,010,5,0.23285237312131324,0.0106239037358365,0.22492409718673864,0.24075819302253984,0.2541162584833284,0.012882871168292525,0.2446149306580112,0.26450280318678077,0.2613594669795521,0.010018335361850216,0.2536587730623904,0.2700595759865978
fathomnet,resnet18,mlp_head,010,5,0.2710129146664419,0.007712447860690851,0.2650305773615825,0.27699525197130137,0.29483623487754496,0.012021072824836703,0.28539392151077014,0.3042785482443199,0.2994034585191574,0.01024009088827615,0.29176799901898937,0.30744133739797425
fathomnet,resnet18,full_finetune,100,5,0.6897319753352402,0.0026294913621733845,0.6880004659875443,0.692035176413254,0.7012688108586603,0.002233601754827451,0.6993803481853054,0.7029212156978459,0.7010645502091725,0.0028726602297622704,0.6987296091765769,0.7032190432407086
fathomnet,resnet18,last_block_ft,100,5,0.643316751737995,0.005335462856518212,0.6392993973400205,0.6476613543155098,0.6524048391856005,0.005424838097034576,0.6483918560047212,0.6571259958689879,0.654781914260093,0.006083300458491215,0.6500401579069555,0.6593885576032895
fathomnet,resnet18,linear_probe,100,5,0.4179657766093305,0.002222857477054286,0.4162774799368691,0.4196540732817919,0.42696960755385066,0.002323401556214748,0.4251401593390381,0.4288580702272057,0.4311028662540643,0.001732362289975311,0.43017124559916275,0.43266764114217465
fathomnet,resnet18,marine_adapter,100,5,0.5172698207327762,0.00306835265476918,0.5147211487162606,0.5193642430237808,0.5270581292416642,0.00281016664521901,0.5248745942755976,0.5293006786662732,0.5296481958108148,0.003255135763093795,0.5272996700208037,0.5322146314951419
fathomnet,resnet18,mlp_head,100,5,0.5216135369615317,0.002713276619182919,0.5195814300934591,0.5238200374103221,0.5316022425494247,0.004027493596722597,0.5281794039539687,0.5344939510179995,0.5343584749393425,0.0036443121754363367,0.5313187855815498,0.5371889852154377
