dataset,backbone,budget,contrast,method_a,method_b,n_pairs,mean_a,mean_b,mean_delta,delta_ci_low,delta_ci_high,wins,ties,losses,cohen_dz,p_exact_signflip,p_holm
aqua20,dinov2_small,001,Adapter - Linear,marine_adapter,linear_probe,5,0.08015722393115768,0.05635326729961573,0.023803956631541952,-0.005429263437996798,0.04975909008537138,4,0,1,0.6982883438114494,0.1875,1.0
aqua20,dinov2_small,005,Adapter - Linear,marine_adapter,linear_probe,5,0.14711521983492631,0.13409404848966439,0.013021171345261932,-0.028758008075368748,0.05134722464775893,3,0,2,0.25413037674233113,0.5625,1.0
aqua20,dinov2_small,010,Adapter - Linear,marine_adapter,linear_probe,5,0.24105687301854148,0.2260511803530282,0.015005692665513253,-0.036024853751208064,0.06603623908223458,2,0,3,0.22434572338022987,0.625,1.0
aqua20,dinov2_small,100,Adapter - Linear,marine_adapter,linear_probe,5,0.8342228546231677,0.8121176286176508,0.022105226005516943,0.005225421709234878,0.039121002458089284,4,0,1,0.9676558684972116,0.125,1.0
aqua20,resnet18,001,Adapter - Linear,marine_adapter,linear_probe,5,0.05615296236802556,0.03372111668086943,0.022431845687156123,0.00715066225038926,0.0494297295087278,5,0,0,0.7410505437773716,0.0625,1.0
aqua20,resnet18,005,Adapter - Linear,marine_adapter,linear_probe,5,0.07968410991640969,0.04504599777591316,0.03463811214049651,0.02316176830471044,0.04395235250457396,5,0,0,2.4497153411204815,0.0625,1.0
aqua20,resnet18,010,Adapter - Linear,marine_adapter,linear_probe,5,0.11621326080918074,0.05438520351015297,0.06182805729902776,0.044605940292611716,0.0790501743054438,5,0,0,2.8334008313157,0.0625,1.0
aqua20,resnet18,100,Adapter - Linear,marine_adapter,linear_probe,5,0.6445971555840485,0.42529994096354046,0.21929721462050797,0.20589989392396993,0.23237478886219573,5,0,0,12.367882232364195,0.0625,1.0
fathomnet,dinov2_small,001,Adapter - Linear,marine_adapter,linear_probe,5,0.03142561225073293,0.024730957368596044,0.00669465488213689,-0.0011125043289380223,0.014558934900920386,4,0,1,0.6516685879910489,0.3125,1.0
fathomnet,dinov2_small,005,Adapter - Linear,marine_adapter,linear_probe,5,0.18892004286007516,0.12890501423616124,0.060015028623913905,0.04568555010197717,0.07668121921546107,5,0,0,3.064373526807389,0.0625,1.0
fathomnet,dinov2_small,010,Adapter - Linear,marine_adapter,linear_probe,5,0.34831704088835425,0.28242490118972297,0.06589213969863131,0.04759242200965656,0.08666782625840733,5,0,0,2.646230476126874,0.0625,1.0
fathomnet,dinov2_small,100,Adapter - Linear,marine_adapter,linear_probe,5,0.666267923025951,0.6384763868930133,0.0277915361329377,0.025181329086651827,0.030562233126862615,5,0,0,7.969968445844146,0.0625,1.0
fathomnet,resnet18,001,Adapter - Linear,marine_adapter,linear_probe,5,0.028308392373529966,0.011923123550473235,0.016385268823056732,0.014189720766085923,0.018661369048647385,5,0,0,5.643696646116327,0.0625,1.0
fathomnet,resnet18,005,Adapter - Linear,marine_adapter,linear_probe,5,0.1273525479768133,0.05875646332611698,0.0685960846506963,0.05987680382685179,0.08204516062401357,5,0,0,4.62078955370433,0.0625,1.0
fathomnet,resnet18,010,Adapter - Linear,marine_adapter,linear_probe,5,0.23285237312131324,0.14793905246603525,0.08491332065527801,0.07388366895715073,0.0959429723534053,5,0,0,5.792089669581495,0.0625,1.0
fathomnet,resnet18,100,Adapter - Linear,marine_adapter,linear_probe,5,0.5172698207327762,0.4179657766093305,0.09930404412344569,0.09654536462381885,0.1023290063213412,5,0,0,26.661416063380308,0.0625,1.0
aqua20,dinov2_small,001,Adapter - MLP,marine_adapter,mlp_head,5,0.08015722393115768,0.12476773212372194,-0.04461050819256427,-0.06545013165160073,-0.02463546245418328,0,0,5,-1.6866562048410414,0.0625,1.0
aqua20,dinov2_small,005,Adapter - MLP,marine_adapter,mlp_head,5,0.14711521983492631,0.2292536532728172,-0.08213843343789087,-0.0950201418002665,-0.06925672507551525,0,0,5,-4.9532329750952,0.0625,1.0
aqua20,dinov2_small,010,Adapter - MLP,marine_adapter,mlp_head,5,0.24105687301854148,0.39357984824627457,-0.15252297522773306,-0.16109135406742964,-0.1434449054462988,0,0,5,-12.997843866339032,0.0625,1.0
aqua20,dinov2_small,100,Adapter - MLP,marine_adapter,mlp_head,5,0.8342228546231677,0.8531138562436249,-0.018891001620457114,-0.03925144516958932,0.001556433730061646,2,0,3,-0.6942692385045116,0.25,1.0
aqua20,resnet18,001,Adapter - MLP,marine_adapter,mlp_head,5,0.05615296236802556,0.05330824236450652,0.0028447200035190356,-0.007116439679644386,0.014902116455849889,3,0,2,0.2001643575404574,0.6875,1.0
aqua20,resnet18,005,Adapter - MLP,marine_adapter,mlp_head,5,0.07968410991640969,0.10289266521496061,-0.02320855529855094,-0.03310002490975557,-0.013317085687346316,0,0,5,-1.8324749986768247,0.0625,1.0
aqua20,resnet18,010,Adapter - MLP,marine_adapter,mlp_head,5,0.11621326080918074,0.18561429095784088,-0.06940103014866016,-0.09191205896415672,-0.050569905160555526,0,0,5,-2.639987966102659,0.0625,1.0
aqua20,resnet18,100,Adapter - MLP,marine_adapter,mlp_head,5,0.6445971555840485,0.6514180047005778,-0.006820849116529271,-0.01639732832552294,0.005811054957656059,1,0,4,-0.4699272130769838,0.375,1.0
fathomnet,dinov2_small,001,Adapter - MLP,marine_adapter,mlp_head,5,0.03142561225073293,0.06307915760745414,-0.0316535453567212,-0.04053641213577358,-0.022770678577668825,0,0,5,-2.7573733013519304,0.0625,1.0
fathomnet,dinov2_small,005,Adapter - MLP,marine_adapter,mlp_head,5,0.18892004286007516,0.2569333441169558,-0.06801330125688065,-0.0767510788346775,-0.05865610635486118,0,0,5,-5.720824836895289,0.0625,1.0
fathomnet,dinov2_small,010,Adapter - MLP,marine_adapter,mlp_head,5,0.34831704088835425,0.4009699178609979,-0.05265287697264366,-0.06416514463298537,-0.03870455315495762,0,0,5,-3.3222207689273335,0.0625,1.0
fathomnet,dinov2_small,100,Adapter - MLP,marine_adapter,mlp_head,5,0.666267923025951,0.6676952527726644,-0.0014273297467132684,-0.004072294480519267,0.0015804910783406845,1,0,4,-0.3955826287206083,0.4375,1.0
fathomnet,resnet18,001,Adapter - MLP,marine_adapter,mlp_head,5,0.028308392373529966,0.04005427295534828,-0.011745880581818316,-0.013942119876773306,-0.00923649575887949,0,0,5,-3.8762718503611104,0.0625,1.0
fathomnet,resnet18,005,Adapter - MLP,marine_adapter,mlp_head,5,0.1273525479768133,0.16028935488495685,-0.03293680690814356,-0.04283889404440422,-0.021447719934748234,0,0,5,-2.405907105228825,0.0625,1.0
fathomnet,resnet18,010,Adapter - MLP,marine_adapter,mlp_head,5,0.23285237312131324,0.2710129146664419,-0.03816054154512865,-0.048746364256032154,-0.029350091046506592,0,0,5,-3.0519354646163115,0.0625,1.0
fathomnet,resnet18,100,Adapter - MLP,marine_adapter,mlp_head,5,0.5172698207327762,0.5216135369615318,-0.0043437162287555346,-0.009046473325183425,-0.00047868145150451456,1,0,4,-0.7895601328650912,0.125,1.0
aqua20,dinov2_small,001,FullFT - Adapter,full_finetune,marine_adapter,5,0.19011096956377277,0.08015722393115768,0.1099537456326151,0.07486860673821343,0.1529340327612698,5,0,0,2.15001453398034,0.0625,1.0
aqua20,dinov2_small,005,FullFT - Adapter,full_finetune,marine_adapter,5,0.313754643854085,0.14711521983492631,0.16663942401915866,0.03899101633556701,0.26152366624959644,4,0,1,1.1239953384233765,0.125,1.0
aqua20,dinov2_small,010,FullFT - Adapter,full_finetune,marine_adapter,5,0.4080207133911597,0.24105687301854148,0.1669638403726182,0.02399318780447187,0.2510353583706931,4,0,1,1.048366564411293,0.125,1.0
aqua20,dinov2_small,100,FullFT - Adapter,full_finetune,marine_adapter,5,0.8361895252896808,0.8342228546231677,0.0019666706665130373,-0.02263950021159593,0.025786744760179746,3,0,2,0.06336340067518248,0.9375,1.0
aqua20,resnet18,001,FullFT - Adapter,full_finetune,marine_adapter,5,0.07394929477322602,0.05615296236802556,0.017796332405200465,-0.005265930211032938,0.03817400923634486,4,0,1,0.6464024992413019,0.1875,1.0
aqua20,resnet18,005,FullFT - Adapter,full_finetune,marine_adapter,5,0.10854897796054837,0.07968410991640969,0.0288648680441387,0.019079582669160648,0.03865015341911675,5,0,0,2.32042579893663,0.0625,1.0
aqua20,resnet18,010,FullFT - Adapter,full_finetune,marine_adapter,5,0.17220252000691966,0.11621326080918074,0.055989259197738936,0.03380830126486607,0.07985179397656994,5,0,0,1.8938871346867618,0.0625,1.0
aqua20,resnet18,100,FullFT - Adapter,full_finetune,marine_adapter,5,0.6433200371503304,0.6445971555840485,-0.0012771184337181385,-0.020394931180654254,0.013490858422774999,3,0,2,-0.05696037342642115,0.9375,1.0
fathomnet,dinov2_small,001,FullFT - Adapter,full_finetune,marine_adapter,5,0.12460411148775682,0.03142561225073293,0.0931784992370239,0.07616672837434244,0.11359202027425526,5,0,0,3.8058881536574547,0.0625,1.0
fathomnet,dinov2_small,005,FullFT - Adapter,full_finetune,marine_adapter,5,0.4117930090720587,0.18892004286007516,0.22287296621198358,0.18778862869851495,0.2579075049369851,5,0,0,4.953932626504855,0.0625,1.0
fathomnet,dinov2_small,010,FullFT - Adapter,full_finetune,marine_adapter,5,0.5730683546813867,0.34831704088835425,0.22475131379303245,0.1951752212483954,0.24231719590200046,5,0,0,6.9088081269054875,0.0625,1.0
fathomnet,dinov2_small,100,FullFT - Adapter,full_finetune,marine_adapter,5,0.8097715361276421,0.666267923025951,0.14350361310169119,0.13988845062729963,0.14613876302192647,5,0,0,35.52737155015717,0.0625,1.0
fathomnet,resnet18,001,FullFT - Adapter,full_finetune,marine_adapter,5,0.0314291485857603,0.028308392373529966,0.003120756212230328,0.0007636041127042657,0.005985045491629011,4,0,1,0.9543822713971748,0.125,1.0
fathomnet,resnet18,005,FullFT - Adapter,full_finetune,marine_adapter,5,0.15511664001615777,0.1273525479768133,0.027764092039344455,0.02356126580810356,0.03196839804582085,5,0,0,5.115901629530293,0.0625,1.0
fathomnet,resnet18,010,FullFT - Adapter,full_finetune,marine_adapter,5,0.27376407372641876,0.23285237312131324,0.040911700605105475,0.02952021033702455,0.052378739290527124,5,0,0,2.758991136690419,0.0625,1.0
fathomnet,resnet18,100,FullFT - Adapter,full_finetune,marine_adapter,5,0.6897319753352402,0.5172698207327762,0.17246215460246403,0.1701645808085667,0.17516807652622407,5,0,0,52.89738776765416,0.0625,1.0
aqua20,dinov2_small,001,FullFT - LastBlock,full_finetune,last_block_ft,5,0.19011096956377277,0.1465898709876642,0.0435210985761086,0.030630273548590957,0.05483615255650574,5,0,0,2.7262978865071608,0.0625,1.0
aqua20,dinov2_small,005,FullFT - LastBlock,full_finetune,last_block_ft,5,0.313754643854085,0.386168321108611,-0.07241367725452602,-0.17686668081548523,0.006468571745882568,1,0,4,-0.6040060184360206,0.3125,1.0
aqua20,dinov2_small,010,FullFT - LastBlock,full_finetune,last_block_ft,5,0.4080207133911597,0.5433413702439718,-0.1353206568528121,-0.2943626916273049,-0.04172476878771183,0,0,5,-0.7646242154606621,0.0625,1.0
aqua20,dinov2_small,100,FullFT - LastBlock,full_finetune,last_block_ft,5,0.8361895252896808,0.8766222240100727,-0.0404326987203919,-0.05269956875988442,-0.02755371018296924,0,0,5,-2.450650912772622,0.0625,1.0
aqua20,resnet18,001,FullFT - LastBlock,full_finetune,last_block_ft,5,0.07394929477322602,0.06744578144122773,0.006503513331998301,0.004526140927229597,0.009247709713534441,5,0,0,2.066015445329726,0.0625,1.0
aqua20,resnet18,005,FullFT - LastBlock,full_finetune,last_block_ft,5,0.10854897796054837,0.10414269928116862,0.004406278679379758,0.0012361837719330332,0.00788006734165585,4,0,1,1.0349872993769533,0.125,1.0
aqua20,resnet18,010,FullFT - LastBlock,full_finetune,last_block_ft,5,0.17220252000691966,0.15000859344988116,0.02219392655703853,0.013436050761994145,0.029189090792100296,5,0,0,2.2235602009296804,0.0625,1.0
aqua20,resnet18,100,FullFT - LastBlock,full_finetune,last_block_ft,5,0.6433200371503304,0.6260672102990676,0.017252826851262792,0.00831577439143918,0.02704073181091038,5,0,0,1.4390076580196325,0.0625,1.0
fathomnet,dinov2_small,001,FullFT - LastBlock,full_finetune,last_block_ft,5,0.12460411148775682,0.06256677259680304,0.06203733889095379,0.048304719406120175,0.07324767806038499,5,0,0,3.768787299107998,0.0625,1.0
fathomnet,dinov2_small,005,FullFT - LastBlock,full_finetune,last_block_ft,5,0.4117930090720587,0.30704006732669686,0.10475294174536187,0.07953294530108529,0.13390400013422712,5,0,0,2.962282407097689,0.0625,1.0
fathomnet,dinov2_small,010,FullFT - LastBlock,full_finetune,last_block_ft,5,0.5730683546813867,0.46695614232588245,0.10611221235550425,0.08889925725141262,0.12012149185798433,5,0,0,5.166313052309431,0.0625,1.0
fathomnet,dinov2_small,100,FullFT - LastBlock,full_finetune,last_block_ft,5,0.8097715361276421,0.7292882453641523,0.08048329076348984,0.0763831111995887,0.08467685354790147,5,0,0,14.84870634159286,0.0625,1.0
fathomnet,resnet18,001,FullFT - LastBlock,full_finetune,last_block_ft,5,0.0314291485857603,0.035731413096280425,-0.004302264510520131,-0.00776144645700898,-0.0007466839860715703,1,0,4,-0.9726238223570506,0.125,1.0
fathomnet,resnet18,005,FullFT - LastBlock,full_finetune,last_block_ft,5,0.15511664001615777,0.17779946629975954,-0.02268282628360177,-0.025874527493897632,-0.01969215447188074,0,0,5,-5.826569430622696,0.0625,1.0
fathomnet,resnet18,010,FullFT - LastBlock,full_finetune,last_block_ft,5,0.27376407372641876,0.3030573387091303,-0.029293264982711585,-0.03426870460892402,-0.024031926171388142,0,0,5,-4.475472436072468,0.0625,1.0
fathomnet,resnet18,100,FullFT - LastBlock,full_finetune,last_block_ft,5,0.6897319753352402,0.643316751737995,0.04641522359724522,0.04384834508738307,0.048982102107107364,5,0,0,14.178855614892585,0.0625,1.0
aqua20,dinov2_small,001,LastBlock - Adapter,last_block_ft,marine_adapter,5,0.1465898709876642,0.08015722393115768,0.0664326470565065,0.037837869557176364,0.1015849440071976,5,0,0,1.6368787702728962,0.0625,1.0
aqua20,dinov2_small,005,LastBlock - Adapter,last_block_ft,marine_adapter,5,0.386168321108611,0.14711521983492631,0.23905310127368468,0.21288748985984043,0.25766963331344955,5,0,0,7.956659666193041,0.0625,1.0
aqua20,dinov2_small,010,LastBlock - Adapter,last_block_ft,marine_adapter,5,0.5433413702439718,0.24105687301854148,0.30228449722543027,0.2753381423478682,0.32319145762974294,5,0,0,10.237217567407521,0.0625,1.0
aqua20,dinov2_small,100,LastBlock - Adapter,last_block_ft,marine_adapter,5,0.8766222240100727,0.8342228546231677,0.04239936938690494,0.01195442205377415,0.06424216047182141,4,0,1,1.2070490826002827,0.125,1.0
aqua20,resnet18,001,LastBlock - Adapter,last_block_ft,marine_adapter,5,0.06744578144122773,0.05615296236802556,0.011292819073202166,-0.009761327146517812,0.030329777533683416,3,0,2,0.4368322088180059,0.375,1.0
aqua20,resnet18,005,LastBlock - Adapter,last_block_ft,marine_adapter,5,0.10414269928116862,0.07968410991640969,0.02445858936475894,0.013699833265151715,0.03584450711590148,5,0,0,1.6795665499136923,0.0625,1.0
aqua20,resnet18,010,LastBlock - Adapter,last_block_ft,marine_adapter,5,0.15000859344988116,0.11621326080918074,0.033795332640700414,0.014394086649490045,0.05206479652068069,4,0,1,1.4204249905963502,0.125,1.0
aqua20,resnet18,100,LastBlock - Adapter,last_block_ft,marine_adapter,5,0.6260672102990676,0.6445971555840485,-0.01852994528498093,-0.034235011487766795,-0.0028248790821950643,1,0,4,-0.9147554026688799,0.125,1.0
fathomnet,dinov2_small,001,LastBlock - Adapter,last_block_ft,marine_adapter,5,0.06256677259680304,0.03142561225073293,0.03114116034607011,0.020511890176246106,0.04290080276266042,5,0,0,2.214755003937971,0.0625,1.0
fathomnet,dinov2_small,005,LastBlock - Adapter,last_block_ft,marine_adapter,5,0.30704006732669686,0.18892004286007516,0.1181200244666217,0.10221517993335835,0.12894120634513745,5,0,0,6.565171686487776,0.0625,1.0
fathomnet,dinov2_small,010,LastBlock - Adapter,last_block_ft,marine_adapter,5,0.46695614232588245,0.34831704088835425,0.1186391014375282,0.10531478692228817,0.1308383603653249,5,0,0,7.19198195418302,0.0625,1.0
fathomnet,dinov2_small,100,LastBlock - Adapter,last_block_ft,marine_adapter,5,0.7292882453641523,0.666267923025951,0.06302032233820135,0.059153801753108734,0.06617271128208446,5,0,0,14.450436902519082,0.0625,1.0
fathomnet,resnet18,001,LastBlock - Adapter,last_block_ft,marine_adapter,5,0.035731413096280425,0.028308392373529966,0.007423020722750457,0.0027983699940437464,0.013192936243722597,5,0,0,1.0938475997479826,0.0625,1.0
fathomnet,resnet18,005,LastBlock - Adapter,last_block_ft,marine_adapter,5,0.17779946629975954,0.1273525479768133,0.05044691832294623,0.0451757645242019,0.055718072121690554,5,0,0,7.639942234638085,0.0625,1.0
fathomnet,resnet18,010,LastBlock - Adapter,last_block_ft,marine_adapter,5,0.3030573387091303,0.23285237312131324,0.07020496558781705,0.0629746214369333,0.07745290656520398,5,0,0,7.290255204421866,0.0625,1.0
fathomnet,resnet18,100,LastBlock - Adapter,last_block_ft,marine_adapter,5,0.643316751737995,0.5172698207327762,0.12604693100521883,0.12161023765762576,0.13048362435281188,5,0,0,22.288138390503146,0.0625,1.0
